temperature_2m_mean,relative_humidity_2m_mean,wind_speed_10m_max,pressure_msl_mean,month,precipitation
27.9926419015578,58.88638058425374,15.468227349436239,1010.4721688668046,10,7.973158901236676
37.21142890255866,76.0112454741612,14.879151962879993,1013.3236721354016,5,13.541127532397187
33.71190306898248,91.9014001220676,41.250183220841464,1000.7607616722274,5,24.41302165736042
31.578535747152586,85.14679454765894,14.981847993980244,1009.3721042909609,11,20.486861012153266
24.496298247078983,88.71493509734958,15.87798904514524,1008.1501576123062,7,294.433552305404
24.495912325379244,81.62160160211442,35.37593049671855,1014.1550986661302,4,19.400301335600354
22.929337794691193,83.22927509685692,22.9895936980216,1015.840002391069,4,13.419760199715611
35.85881833239896,90.76139127513532,36.06842227820725,995.2796057439799,9,443.2371797351264
31.61784018789134,61.98406442524092,7.61464630257541,1010.5024581383523,6,198.67485863045198
33.329161244736724,73.49239825487075,24.502847746935373,996.1922233797537,4,17.20273650153183
22.32935190873284,60.61805320734091,6.344544007331305,1007.6237492967792,2,13.288262072123443
37.51855763459191,97.40806438383905,7.506128138214181,1001.6155527680046,6,393.2157539598172
35.31908225280675,95.31484830495744,41.25749813377644,1002.0558617890092,2,14.889717314815208
25.39742577085242,51.89248694568828,10.569814844703807,1003.1180455794042,5,18.19839758949322
24.90919947531361,83.86760828075305,26.296827291008682,1009.289726328141,6,278.7697999101109
24.93447215765494,94.41191923595196,21.443824104028263,1002.6831492103817,4,17.647694432417687
26.867875887352604,58.66761656611201,18.893733050353706,1011.8520781635765,3,4.962645001071569
30.396102906115807,77.26137106652621,40.9933338274909,1004.304129868199,7,306.1236684858127
28.91112029827385,93.943438284226,5.87293587101958,996.572123607129,2,25.00715144613025
26.659666243168672,51.629406972118346,31.551587447023564,1013.0264763771345,11,6.923964239681572
31.789646315558073,83.47617282784832,43.535777368542014,1001.5724414656322,6,353.4180593649832
24.23190177043267,64.27275235388244,27.40672733847368,1004.953638230783,4,16.21884592653098
26.67431437656349,94.37101737807346,42.472898481323675,1010.7652093141037,6,280.8628061668888
27.861789492699067,96.61079576793765,7.090315171440951,1002.6464916144204,4,15.403354217701478
29.297119747472575,95.32479147744482,21.751732762966455,996.3014700913744,4,11.659695876950792
34.56281538228822,72.76228239955826,15.406311638482046,1003.6001840812947,4,21.994580877419835
25.194780514533754,91.37804724748705,34.23283859922919,1016.722317401969,9,216.8503346753764
30.227751014617787,90.53837112968338,44.25188361988987,1009.7598911378668,7,292.7678378728377
31.47863310179268,65.31682271567627,15.261202497769911,1010.4440204193457,3,6.2955894038437945
22.743206603519965,89.78794275923252,31.166984058962978,1009.5424895336657,3,16.562613818943575
31.720717630423014,51.776366466343646,12.923905310389605,999.576819196067,6,286.9913570776412
24.728385978996663,78.62095416713855,27.613210182864396,1004.6216788743525,6,305.30213101313683
23.040825487764472,61.04042418980975,23.557299467533447,1012.2716153623563,4,2.4363596606218003
37.18216859605333,55.78721051730938,43.88021318526148,997.3315766437227,9,329.45199137005415
37.45011252919295,53.69375367820204,29.341090907858664,1001.3906138500633,4,22.553048984824574
34.93435756986338,83.42186124215071,18.980254883472753,1001.3553394947146,9,353.9404854248919
26.87382030677393,66.31399826086718,9.563831395517335,1004.9364353346737,4,17.99951674678259
23.562753824102142,84.78880503338056,11.049873149397381,1017.5484810416702,2,8.413166798554279
32.94772842419451,53.137104358349234,14.012677198049403,996.5525585737279,2,13.393383537975415
29.04243989983362,65.1339362158693,15.03866645361192,1006.9301228707537,5,23.199663596871915
23.95261175751646,75.89558203401619,39.024642313645515,999.1253876862809,4,12.19121610664506
29.922830561780323,87.95471191227026,27.448911531300997,1017.3255605444241,7,199.4272891530482
22.550216337843494,65.30012014073935,25.935636454974656,997.6059806087317,11,20.106049993490466
36.54912643326051,80.04278606897644,9.590754874768699,1004.2828230543166,5,26.29333483188269
26.14047970560027,92.52693191533697,39.4055877339774,1011.971354651196,6,274.35912879656615
32.600356549663715,79.56143303275061,33.91257212833935,1011.2047518446312,10,5.445729305624768
26.987377217430577,61.18205478817442,7.706734476000063,1004.7227586485604,4,14.741722371800732
30.321088338844973,51.17123751471382,33.313403889190745,1002.9700558629125,12,14.310665476428483
30.747364469492474,91.76474594724463,26.741528693705842,1004.145084706716,2,18.853616851032314
24.957671288408434,51.02093172081858,8.269013829871131,1001.0783540526487,10,18.415382181393255
37.51335404423294,91.98568028884156,23.332025661146258,999.7226575902564,9,389.9264654722843
34.40212517377783,75.38898243330618,24.387851485201878,1006.1099130438545,10,14.15310980033295
37.03198306502703,95.07524952861903,11.63098160653103,1001.1762763895549,7,392.7538903308721
36.31723760684238,88.34159531713594,42.82792588001129,1001.6116182926368,4,24.3655627009629
31.56639966097736,97.90083730560019,38.99901485922648,1010.1053894599148,3,18.147997660493125
36.74998776036987,66.83416714168209,31.760893493164332,1017.2763586290976,10,6.685690563709105
23.415880032830714,86.8250378686941,23.491822440024286,1008.8836556128656,3,15.762106323139335
25.135725798706325,69.29268385324363,21.470621663380342,996.7705277424942,9,368.13100910477914
22.72363662256861,73.03402977458762,31.038938686038165,996.7384231186436,5,21.611894813375166
27.20528529221223,80.12026223448177,26.817274776276218,1016.882734079448,3,5.280363782645625
28.218836635031714,91.93650148094426,7.490924235275425,1001.8376881770687,5,15.239739410985356
26.341584508382333,97.23600652156617,25.500105950813268,997.1175406798969,2,17.63904952833188
35.25980014643087,86.87712386549687,37.25614468931358,1008.7780255044588,11,23.711428608250984
27.70805322709743,70.05280554403203,23.36959510387832,1009.3439219006762,4,17.43940492470166
26.494952154998092,70.22513610929937,7.0782631021707365,1009.9156108627299,10,12.554215843947247
30.683137330531977,85.4039504762668,36.451127975361324,1001.1502466407235,2,18.50552166594818
24.254787599596202,61.461302996878516,13.054551285438976,995.347545736933,2,17.555630997504007
34.835151692064635,55.30275743030694,15.344833395521551,1017.1953534974529,12,11.797414628288447
23.19281029887633,67.02186356675728,11.588254137291836,1000.7705400508953,8,325.5927149933934
37.79019098560828,63.78747159939592,18.2086025948599,1010.5486046252086,1,8.649868061140522
34.355916308746515,64.22278978188753,35.2700602275454,1011.2524870072103,7,203.8647754168551
25.17945090454676,61.21317205039568,25.775434380157492,1009.0301705928282,5,12.316069749160835
22.08835387397764,52.02047310254537,13.195250966028503,1002.1968700669139,11,13.743009006706586
35.04738285527735,50.85794886720386,40.113203126081636,1001.2352138365735,8,273.45358295829857
33.30971750156188,97.41067470732952,40.18327419806117,1008.7463705021622,1,18.087057048161505
33.6641146886558,70.53311041932139,39.82313700184028,1014.9201995730689,11,11.615000119523271
34.34032554697513,68.44767906366472,14.55184845526157,1016.7748757652381,7,153.25867550781834
23.184714427745448,82.62306956926736,23.049573767239522,997.4358335012864,5,14.430194197013664
27.735451656708364,60.476186617523084,44.39958624563501,998.5610580897476,4,19.78161074853546
23.853904952402075,95.59813682961081,35.880499052399614,1016.7289339520108,7,225.7075165045954
35.8096548140095,87.7445606919465,6.086696849022393,1011.9403102517002,10,7.569177858963201
31.972770029240927,54.29172811098846,7.608183650419682,1015.3088579710848,2,4.715676312863485
27.294368397642387,70.04387723767655,23.557255072493312,999.6605505851129,12,16.583745658775783
23.01693360457638,92.19767876298391,41.368808234462406,1008.5144750355163,1,22.592356276419313
26.975717147450595,95.3471370699877,26.54807191810857,1011.1262106716019,1,11.060867447726714
27.202933152427953,72.43527253999375,24.91250032137161,1010.6425733652803,11,9.054862391984532
33.67369885340902,79.44374668211397,9.218947998265223,1004.387488889934,12,19.05544743791787
32.20091954168341,58.01762941241961,31.271204188971762,995.3540825089001,1,13.241402343875848
36.195403881221225,97.57609405457487,37.88412642400902,1008.4072993064981,12,15.072761673671458
29.55543880259119,61.120241666405285,20.216800300302495,1000.821335401131,5,8.764053749280123
23.913507935012827,95.25112515848603,36.0244740370131,1005.3558476612865,10,24.426728728612865
33.41191659556792,81.1830391516337,43.57906615603247,1017.0243633469278,7,183.54987887963185
34.17256077787036,79.17136615418524,13.150658365107564,1004.177812305776,2,17.881141976192826
30.98043516111194,74.60904852879241,25.933185247789652,1014.3154369532818,10,15.72823719159313
34.33547487927298,61.07215096245242,16.485518323383022,999.3364339322328,8,310.85812198815285
29.900729541830252,58.4733455362644,36.71417676135357,1010.4665914545757,4,9.315845369816877
30.363725270111907,60.58333803536841,28.1037346352463,1017.4711599520957,12,1.7289981178728082
28.840656293736792,58.949036582924215,30.38329670201215,997.3435413200775,3,13.5332024562423
22.40670602790552,87.42005473120416,36.916566384635765,995.1913586712254,10,20.069479084228018
23.72626283189287,66.80601244000304,20.838818906498197,1004.9724042305502,11,13.043067497902051
22.502866970987746,52.776448475043026,41.60360273628173,997.1303861101815,8,312.48102390234976
32.18256658022049,96.51692624675894,26.3211546898456,1012.2128400425534,2,17.35816492844132
27.02969569722123,92.42172247824443,11.31819291341392,1016.0346192685168,11,8.510619295199504
30.137131058635244,94.53210959337022,32.835964726752096,1004.9824823723014,11,21.533811491145762
36.52106358281749,97.75557548702889,36.73045401753018,1000.9503677695751,3,25.2956778737957
25.988675666382,58.34697196253539,17.670467082701066,1004.991276337152,12,11.801638797553107
28.566126768570076,69.01961690732762,39.28717027995012,1011.63929981055,3,7.835935956750496
34.08881821668878,86.39544683379638,41.24573019063065,995.2082457163485,10,24.923719223498253
25.66077064786596,83.40898966658203,16.076179495112356,1008.557441758148,11,14.996385976712101
23.231678557260686,57.38700350431304,44.34085890860888,1009.1057087524097,1,12.620254455612013
26.63602324662029,89.15998999954965,10.628461121950338,1009.6668296786065,6,292.4955925546704
24.57954059606407,60.77314744815971,13.0806267360996,1000.5665078395601,2,17.526984130108055
36.875162437481166,60.74324551148591,12.368993569521045,1011.4232126376969,1,7.468838892818944
34.92992607303067,75.77477229888385,40.75958840031482,997.1020041856309,2,17.20831299673258
32.13446010416678,78.46111687240176,31.171702092998473,999.5832177387364,12,16.34283989973454
35.94336944300348,77.84413797621494,11.084171328890914,1015.181811073053,6,187.7407385307893
34.85875323038583,54.391368195092234,22.61293673473396,1011.9906324667111,4,13.971957472916007
24.98512094217657,92.11812140625825,29.61192100279208,995.3161477422609,6,432.44479454700473
36.28094397583965,62.74880204425789,8.338563399575332,1000.7126539885054,12,19.852740022574558
30.62947587065041,56.2167162215746,40.29665473629355,999.9313491088428,9,290.2873202441831
34.919042482625,92.6599078337109,37.14414141766141,1001.2285455448504,10,19.32643185336294
36.33746079877589,95.87127191502816,25.20827094306553,1000.6938747164373,12,18.23314046882016
27.088055599549822,91.38212562874163,43.685064610366815,996.4381048020855,10,31.787600517557525
23.760830792442828,88.85677158679414,21.710439171003987,1005.5556318817269,8,327.04640369332037
25.646962600671067,81.45161507067304,44.36441276145991,1011.8528699200818,1,17.672429084472846
28.8337246180201,76.44115378923868,31.71679995214508,1008.954829668501,8,263.0121533835876
35.08823625475989,54.175364475747685,30.386850930157657,1010.4760483777559,9,179.00953993576871
35.771689332101495,69.60575422739353,11.6381958118314,996.8664311063335,6,358.3204663659242
22.111234088499053,67.88904881659107,40.27711033218576,1016.8842863340661,10,7.428462259636032
30.17195684124105,62.468181620495656,22.099587516824606,1014.2853121783895,5,5.512481684414583
28.678576050380464,84.72416545705208,11.489336231299173,1013.5170773254002,6,229.28083055360685
25.553724967531686,73.802035283781,5.504300799030362,1013.9286275159607,6,196.42199091375332
23.917845877338927,53.8902183635671,27.3902273455353,1016.4523416870535,9,113.97224549346492
27.401842742458047,60.56879369359095,26.095984884907054,1007.5178412206151,4,15.040848063706935
37.08655526260031,82.7964206556606,33.774144894766344,999.6064864109554,2,24.070056927234873
27.171246912332084,53.65428125553441,40.610322120712084,1009.1860229806084,11,10.20234533118817
30.30064994789386,90.85793187434089,8.176263385721182,1012.0862743543626,11,17.102849077816597
33.24830334232284,73.76703329667077,34.259859613614495,1011.9721000471426,9,214.59384346100376
27.818073638068704,73.06815571167911,12.49647776390329,1006.9933275558383,2,21.868807508348212
37.548513323535374,78.43557366365684,39.327082126286555,996.5745505446723,10,19.577405018293472
37.39915671907378,89.58468636440716,37.76254055446624,1003.5355975838929,9,356.19927961257656
26.028516733205826,66.69484197930527,26.631750199421774,1016.1776319946572,2,1.3842600610359206
29.955976094278167,82.54477532283505,33.40971194493246,1008.4423249244207,12,14.039732809946933
26.814052957068313,77.15513427179798,17.574004527349935,1007.3816346948814,8,273.3723207967113
26.557447910039482,62.81735696813222,23.846715957312586,1001.1836308307904,9,301.35543476121296
22.590191157672525,92.17423934504758,37.865475908418865,1003.4743251580813,12,24.772367216452928
31.75302934367835,88.27644903713255,23.370607886928557,1015.592960050523,10,6.3214798003298
30.042864371661786,81.60568806360442,19.311930613017672,1010.3286500931172,9,251.00518539014752
22.823660019999828,90.82792299652361,24.768497890011997,1013.1099016153037,10,7.456986371680387
26.458343427785785,91.6301216460705,38.12997009748874,1005.449944730556,9,342.4408419241514
36.53225417546646,84.00142288232166,18.40832189483491,1009.4956860474916,2,17.0308407466621
25.832990250671557,90.17663976145626,11.950463725429753,1000.7128230010937,4,16.378712518891145
24.31831795345957,83.47863016012562,33.48056081323123,1011.2255990965202,7,250.155899565109
29.83124416444101,82.64675704449442,38.03912850832327,1004.8348306751767,12,24.03138970032056
37.77040726576961,79.69334615432885,9.025499140941333,1005.1785468407392,2,16.05321112869293
25.87288434418401,86.13039869876678,14.594964510237789,1009.9344134652683,1,13.934275023685819
32.75416875849406,57.61304505406754,10.678879590439756,1016.5344542937853,3,3.190931098264334
34.18591384525948,92.28179644154856,18.917656463286665,996.4721459719983,12,19.556838278354967
25.802200703878395,91.84848933177113,23.014039156216505,1013.9690944589812,4,20.030920669910444
33.65146157778975,51.40386958565884,34.953053478532254,1001.7248115394805,8,270.6898216190101
27.88453012350805,89.6392040271086,31.045903395266965,1005.2101474536466,6,327.8572509986776
32.11689328949727,56.18575363872537,29.837142699137246,995.5040065618252,11,26.512028291191516
32.13647537217432,66.08570500443881,19.094997864386176,1001.9240597901892,2,14.78232984514618
30.572394945196137,85.68839630199717,38.6579021233904,1006.560518580493,9,310.2103045272605
23.444636320870533,57.716475010318796,23.85148669592658,996.2920497789911,2,26.310475158328387
35.36483992942781,89.26241715771499,44.16419752060618,1006.2952017758128,12,17.579482701228585
27.132481039547773,89.94244054197162,30.365685531829474,1016.3235444637438,5,10.756954207132376
24.98429616639767,74.35845122052014,10.050589662580109,997.4240440164796,12,25.248330604336413
22.652402264876223,50.30652184240801,32.04710248301736,1012.5821367457366,4,2.749997262162048
31.45428709101187,63.77783039239581,18.00416061726796,1004.4224342276478,7,274.37767259760807
32.84102978947652,79.61249208203563,32.4530878674439,1010.0689954340597,8,254.40457273428552
22.265405262845697,97.09693654531632,7.78564592649623,1000.9854417536603,5,19.855492254283536
30.193488932788497,80.32704929680008,11.995257487038376,998.6683220384513,10,18.430496647837984
25.623932403167007,62.47057189107967,39.22949035623145,998.6906401282382,5,11.663594866487987
32.3227646465512,80.43227374878134,14.087182280940596,996.6213147497923,2,20.015514116809687
24.789862864079865,75.91929822636106,38.4816450097176,999.2698742127286,8,355.4201669901886
33.05500380963946,87.4325789672549,16.171043538176416,1010.2770458547462,2,10.316517463355636
28.1877655408086,55.135070663694,30.715276402348305,1015.2788840724007,10,7.226955982105582
36.98767981978775,86.52933932009734,32.76602294039324,1013.7248907685968,12,15.774345252684995
24.200335106335892,75.98079577645329,25.506190125802117,1010.7580891271132,6,235.2189316593837
27.457061616804136,96.22361618523175,17.21242706786925,997.5399328584554,8,435.070459437464
23.815576339849425,66.40986396985693,13.505775054843845,1001.6513112648068,6,301.0731509202308
36.79509789245701,80.36585087042951,6.327574182497049,1002.1255581324168,4,24.400115080918333
36.037429654095696,94.73734906448084,17.157856049628954,1000.7490097671453,4,23.117643518904075
26.12706604344249,54.920466943552604,31.12651162125132,1006.8451301733236,6,226.1297264708234
32.55974473654686,94.98696738734965,42.532192737939305,1007.3177377422325,4,30.67835869783014
35.07555520321945,83.01851467043903,39.84817929052208,1003.2083774289356,8,332.9126601118892
30.8832129855914,53.25617883704825,35.642591061412105,1003.137150650938,9,250.53189952437887
30.474409253696102,64.44625121344718,36.53789373013195,1014.0567787518398,1,8.446122333304064
25.869636654407227,83.99226025497352,31.59939613903981,1013.1537355113528,4,16.325031584861655
23.48964428489439,53.23282887050104,15.41147430264012,1002.0793041286571,4,21.69951999446136
36.35545212725323,77.94418208846112,41.28780122823319,1016.0171342090849,2,7.396746187853807
36.406688914613284,66.60238673374192,31.829292476233363,1016.9147453910576,6,147.28807758076258
32.12962331637229,79.8039448528389,27.4176252392176,1002.515078466691,3,18.37994764716081
27.424476656779213,52.195617623000615,9.439578768539242,1003.1517738222402,7,252.6446497235824
27.587353193802574,91.83376669531407,22.882221752257017,1006.6295855287051,11,26.062939821065648
33.61529086192383,96.72747052051506,23.41433084807705,1016.6457786882745,11,12.087286883152633
36.35376415924124,96.50613705371319,39.582544380906796,1015.1553469622731,5,5.798435417861574
36.19338278824188,85.98328792366038,26.865928807511537,997.3590631394226,4,26.861396568533582
34.47800873372198,56.24413952627033,20.216021958816384,1004.0328070952426,5,10.215851974030457
32.2725063384686,86.39663340459308,44.07201314042637,1007.7275373642448,8,296.5558525234717
23.34623943992078,51.18017199002247,9.428823733052628,1006.5720468686854,3,15.980753581550395
24.58605942551382,51.06193047339187,21.901937132477784,999.4588505625485,7,286.64244868639355
36.376867016433266,65.53329051917798,6.680987006856212,1014.7527857368675,6,164.5803630888243
31.70286495455344,73.45487313942395,34.59616483067721,1010.5696380089273,12,10.331588334659841
22.147152825866073,86.97955605477406,41.72306208796603,1014.2718926215915,1,0.0
23.623544685856515,82.79817807711225,16.201493182019576,1014.7515784250379,7,216.93492923179733
32.61602830572889,71.40332990608391,39.33366707196483,1012.212184634312,7,206.9366265806296
22.0809853415395,63.13407998151996,16.68872921847591,1005.1018438287435,12,22.4070278915757
24.572928822679977,97.86197600757014,41.43080646575661,1009.0425753653548,1,20.02251109180771
30.77974062986538,70.4567025073267,35.158476143871354,998.6884043407541,9,344.8448945799223
33.07032316308309,71.66657716782441,37.19627107365754,1010.4938446019229,6,232.31539819159826
32.43138015204161,57.85394341720012,5.72026222401818,999.1228248820034,12,23.338583047340904
25.58830895136896,88.1508583399966,43.51241428296104,1010.9608405817336,2,14.232473913596921
33.39486754156057,83.29674683751145,34.066839682812926,1000.2807576973413,5,26.92724920346319
25.7959853999488,60.5969414138605,17.190043815445332,997.703679903455,11,16.096762407214413
27.206395170548284,53.95429018956045,38.17578659435388,998.8015432732881,4,17.949999313396344
33.94386248188839,82.66396649958622,16.260847936597198,995.0458191100386,7,422.8350474820304
32.39412638475544,81.41653828549448,39.910153582645115,1011.5310112106312,8,247.3145974078283
35.58757456790685,63.116457295914046,9.50321561647748,1011.8452241283427,11,13.899107933420082
32.52180627680549,95.6414509880197,33.14743909843183,1006.843467048005,11,17.333266026464305
31.092937653367546,57.25077880548321,26.62793906579641,998.7113444242739,1,23.2018061577702
23.49879628524948,70.7520704500449,8.861378807817633,996.9217497627459,5,20.345144798827558
27.883452848950938,95.29356416804475,14.67575313035356,995.4399662280576,3,22.937853718676607
26.243237882907607,70.14691121245387,5.496161451092592,998.8122080702001,1,16.964491115305915
25.903834294065337,80.6492454878761,23.750718618580233,1015.4896773046124,12,21.110014852674396
37.56816887603913,69.08453110221413,17.050610430400013,1000.5553473591386,3,14.810399420411354
28.289563594668167,63.16232971273616,28.934299371910353,1003.148240525996,6,286.75617380650533
36.27274488283381,97.23092710207175,16.88951230834469,997.4229461430707,7,430.1283279045077
32.098218015956206,69.64803230312206,16.996764460279387,1000.1143100092079,8,332.7537625774299
34.716980856666375,92.91676177659845,34.727727949264136,1006.9421651279447,11,19.98680006494311
30.042193489683072,61.03782108277214,6.925713439134138,1008.9783117112,4,20.285198745154663
31.230462154021744,60.229025793204,41.11579980767949,1000.6431032258229,3,13.778772715576347
29.880283101101824,51.49443597845654,39.09055497564726,996.3278396621777,5,13.589084869444513
25.123887804768714,81.28000761804248,31.71218732905626,1003.9937559899302,9,321.5670315445175
33.559233844184085,67.68926449874053,28.72886280429537,1000.3866775313057,6,330.2938356639655
26.492357799053693,91.48919599230257,40.69209992558609,1000.0497402342854,9,387.72668391873145
22.38905546290326,72.71407552119474,12.413207181148579,1017.0768444624094,6,147.85046144302515
32.32755673451469,96.47328453990664,8.158766487633144,1009.1749111762916,2,18.0296180074765
24.833770870512783,58.90522475374981,14.580406796381524,1007.8082041929582,5,17.287528034630085
37.047337349646625,91.69391206186933,36.78313114800761,1004.5628273810364,12,14.664299838077932
37.2628572320414,87.2766489340036,6.386810669059333,1004.8657196688933,11,23.08449289487089
36.637830243527176,87.0042485429145,28.312273403339585,1007.4408150882758,9,296.8037825682021
27.92253920408711,90.54959494961061,44.817500647652395,1011.0178855618304,8,273.61827478123166
22.24730586446188,86.52915156526394,39.227843753501574,1011.149360212182,7,265.4767537312579
36.853097001403604,80.05857543830794,25.857827561743576,998.9489598772253,1,15.302669135101887
28.85094637307703,56.2997541287546,7.545636371465694,1006.5025932977625,4,13.813971339481023
37.46647710469871,51.56125661558009,38.25494057542839,1004.4750361857843,12,19.439646903483393
37.41791963342804,94.20069669515297,28.95914032708842,1015.0221202241959,7,244.89935888842842
35.64815128747776,79.59921509699542,9.597319882382674,1009.5226351880226,11,11.219163014751867
26.711182273113373,88.23378996685646,8.754291392934249,1007.2475935275676,7,315.0484716313225
28.161563657630804,73.1130728726024,41.3850727774637,997.6540767701151,6,369.1407605166904
35.61818674426971,55.63079307019493,31.768010517523138,1008.9296714544384,8,189.20243032532056
27.07075208250044,56.00891802572242,38.17147197267022,997.6956898306454,11,22.465231059399486
24.71188394697748,82.90713378699063,40.15915601129069,1002.7557512380123,6,336.8477153423583
30.908820199333604,70.65468295517421,27.87089408193289,998.2853651907296,10,21.116347896602417
36.978476386572495,59.62518688161616,25.69785407020165,1010.9176938815605,3,15.829433593588604
33.136476746799566,73.59653824358897,22.21709641283961,999.7437986182315,4,16.981144024711174
31.12097872142984,53.082028979606434,17.677863511644773,1004.0127655833246,3,5.657502216533198
23.554823900332295,77.93462729189113,22.38383843434847,1015.600519885232,1,18.43695439509255
31.840115627186716,62.911683412884685,35.955186229206255,999.6992768181764,10,23.869220611165467
37.84086160166821,88.28283683058504,29.07693724060526,1006.6795164710519,5,17.48126394434774
24.241344243784383,64.89737402833154,40.70093159819385,1004.6432482068185,1,19.664738177902525
30.29327443781979,71.85056715592646,22.73520057516751,995.4168529440518,1,20.199045318198724
36.03796915084729,50.55778591558883,29.28358314875016,1013.2334366121747,2,8.434034662993627
33.85229788406727,53.477450614138824,30.25230212367955,996.5880558452358,4,17.68211887793705
33.15225185592429,68.83969070752087,28.66788649225302,1005.9078654824699,6,265.57382598833794
33.23974534379375,73.03706406642192,33.10535092342065,1007.8956007835958,8,259.89648405865427
27.751858419516083,78.80098630972658,14.497338734992251,1009.4538085021355,3,8.694978590046993
26.697469508231894,63.999803778046555,25.494551101831625,1010.8385274740812,1,10.278947966210858
34.94977848765622,83.35913053407404,9.168992112333907,1000.8252648210224,3,22.214699355255423
34.96181431486689,91.28587506508183,20.3804531057925,995.2295118631444,12,34.45853643233466
35.87315709728166,87.43284746688079,24.506682744850576,1011.639204234163,3,8.968061977639646
36.61184884090354,51.90170361672114,31.0889703818189,1007.3201017849943,5,14.314976796340918
30.181478381775005,73.06433346837579,43.02124210344814,1014.2307071737667,11,14.102612932819387
30.024260714995194,55.036648564072394,29.026042661934234,1013.891932346716,12,0.0
34.7727228634684,61.61816076140132,34.74375664706239,1014.3965018591213,12,11.073664678397716
32.39942289244424,97.35980447682303,25.25064237980811,1006.1571771795294,4,24.08468780349294
33.231470036123255,56.83978605927263,30.364161255053254,1002.6734531042479,4,18.233557303847075
34.73268271097761,73.9466313656651,7.837288645350937,1013.2058386596016,9,204.46962562368248
36.24008546908106,79.67147524726971,15.17566323367388,1005.3797645996729,7,304.7588025784024
27.407922509624573,83.718318586117,19.474123728205548,999.2191705172789,4,22.512652149656507
28.009327242239102,76.86313680737187,23.899734200260543,1014.664402449914,3,2.852173727655158
23.503711037453904,50.469000676120814,6.8259498200953495,1015.298877165764,6,118.14159327638866
31.252482255938784,65.67014279571161,10.600963902132708,1005.7251243912239,3,13.036796182671182
22.575076380747873,74.85015888246615,16.07257231165223,996.7410937281251,6,376.77484987060205
29.449568290119363,54.217591958952,43.86130763604203,1003.9200000680894,11,26.547664440511955
30.682314155321226,66.83009269804067,18.25388028412203,1013.4813661676399,11,16.667073729200375
26.58466003405255,51.5937492219856,24.2816423244833,1015.7408026565632,12,0.8596579800078183
31.453332169104172,53.771767863441,12.843908509535717,999.6798730774447,9,292.15546368729514
22.48800399902479,69.0523172576766,29.431202843030732,996.5403930765813,6,373.4624873952128
22.59757101998743,56.3703561940669,16.22732862063897,1015.1790604220553,12,0.2308249674375329
35.16160897055453,77.24196071655479,13.279703137537071,1003.9563135965142,4,18.16984126377603
27.763050262580208,83.09431851858875,25.66290513783916,1007.460502178154,5,17.239153284679265
24.032968202430155,88.42816155723598,5.220231966416833,1017.2655136771674,6,196.4384943375079
30.35589216087687,59.607211723750886,5.306561305969013,996.5309887420271,11,21.316312153645004
34.31989684957777,58.039163948435345,13.762752364074311,1009.9113141713982,3,16.72070968150136
25.45313643994949,55.019256336051214,6.468854500032846,996.704424719222,8,332.6976961462087
31.966247613104002,80.54865197809457,9.321030165227654,1003.6357853547295,4,17.259492595527714
23.365559439900288,83.91083487137126,18.554425973550064,1013.4877345394493,8,242.33735015129727
22.826907538697725,51.51613495163082,37.103427183192515,1004.9698613533795,10,2.770831013249433
30.501674105090366,94.9381878196971,27.88194573477203,1017.9351941397679,10,14.010077116363126
30.650161945761702,52.494621615270674,25.506709038256655,1007.8583635537718,3,4.422649726530938
32.19887842397131,75.98222409445138,16.739552928324866,1002.3867295106269,10,18.976031336220593
33.61746133956258,84.03490493364399,42.270148777312656,1000.0625604958093,7,368.53131485768046
37.61363327140055,91.80651793981211,20.880601649487666,1003.0619722885817,11,23.186246779173707
30.260805572819123,84.27617274235654,8.48371067183086,1003.5682652964697,12,18.50882489038426
27.167303567059935,88.48294798735,29.68266064471205,996.5804145876511,9,416.0279803041104
34.72297911629926,66.29360924205469,9.553535739064056,1003.5002065868158,4,12.505398788819367
26.333316020193188,89.11160545983259,18.808925712067683,1005.6774859540021,8,336.0611902577567
29.023542731290178,53.845512626464405,25.296477548712353,1011.6229683014925,3,11.659119731650875
23.255302101476254,92.95119949090532,39.96890098740703,1010.104778148597,7,282.1525444815744
22.405611894647322,76.28443405537934,24.741863213604745,1011.3016100702705,3,15.978482082282213
37.4023746348468,89.2302929581997,33.09035064126657,995.1923646831677,12,23.988044751621324
35.37568192819529,71.71127765687841,44.712673559962816,1000.0063501903524,7,337.2479058760456
33.13558729749917,80.8917293694332,10.259564795919264,1010.2187386331967,11,18.710874289100264
28.543247110628318,75.26732772493344,15.98926102078078,1006.1317554681342,10,22.07985502367306
24.77270912113353,85.11629704425593,20.783043023905854,995.1222099403719,10,20.05121792325435
24.50299268273738,53.9182391374683,21.873127141553255,1013.5033767759319,11,8.176183925658878
26.003886370633523,52.89690003154706,21.44084301062183,1012.7746201856778,11,5.868176879948001
30.787626635297926,61.86095523248703,41.3044401022622,1007.6136407488519,6,232.75175769338966
33.433534763200996,57.65814464543304,33.56130577867425,996.5286564928542,2,17.946586778875904
32.5631580274837,91.84561119642568,29.31620856362815,1012.6298461392495,11,15.063647506387799
26.478942351135085,60.52227139318613,17.374908714511285,1008.4254125178213,3,11.076932107166172
37.2778444906111,96.8415322793183,37.95161536885179,1012.985079474633,6,270.78235832059767
33.80635066713229,66.17099800501313,43.202420459399555,1012.2901808251044,4,19.536506215380165
30.86966484018241,58.741659953057564,37.84793130200906,1013.4690476550303,6,171.5054783145817
31.787531939749634,87.905528342839,5.062604207658916,1006.9141855273064,1,19.601833687182808
28.71360099884464,81.61797322404206,30.45605480733628,998.2274639184509,10,21.42254846569168
25.96369583201852,73.91339438975066,7.045415257684029,1010.4366218877328,12,5.385986165271996
27.695562858420185,76.6574504450063,15.304288813348874,1009.2708970561953,1,10.700562838426976
34.125537767429904,84.52168535706866,7.3809880139108675,1012.071823305579,3,13.44669549485408
22.230295818076094,60.96582758390234,29.15181811797551,998.907263139167,8,315.1027381704864
23.85716224811066,97.82402797072362,32.46359653970427,999.4844295977067,8,412.7712637277461
22.736042272348044,96.79007178304559,9.579505522636204,1015.4794188960445,11,21.8757075179414
22.65166083710352,81.21563294465297,20.353555321799178,1012.2494893643976,4,13.588761721198313
35.68736934417612,59.578037644598965,23.249460358221683,1015.8892552401074,6,137.07238534075861
33.25852575008038,82.65095563670198,19.762120870436664,1012.4504523867702,8,233.82197291998767
29.586781265397203,53.46552363100044,9.841000019407723,1008.734572037777,7,200.37818339399112
23.565346570416025,51.47132010587869,21.757911607499018,1010.0450529516411,11,8.945486306013102
29.865854001869316,62.36877864853825,35.04712191233672,1015.4499422506202,7,146.30386825864062
29.57554833248905,72.20590192348718,7.840306581330219,1008.3125553537747,4,6.461657008945949
24.771229918560245,91.67708025960226,8.207200563276139,1009.545000459553,9,292.6678103328234
28.941626387807567,84.90411534878278,19.19085167343937,998.5989644680828,12,19.464989766068534
28.376075750357977,85.64991301759909,42.669028464757005,1005.9001880626704,10,26.38677197529811
31.853601568835465,70.42368005350761,31.742905868916562,1011.4771335750363,6,222.39589507194987
32.1614984138823,66.60487964225422,32.14679826690259,1001.2316820612764,12,11.54136903216347
22.724864156352712,67.80986062326093,19.4767996335146,999.6518461520643,11,13.247703819078176
27.99380183402354,97.40717905933077,28.746431648341538,1002.2180165891616,3,20.672740520363725
32.01375865142778,51.92524118779916,5.405247361109735,1000.5545144438352,5,11.695140446775412
30.0501801372814,91.61751181387753,30.443841856381688,999.9429906518371,5,23.58009037755169
35.70383745901316,77.77641961147489,41.53147790304947,1004.771569385966,5,15.748168060828535
32.53909810590312,71.05354012110034,29.502938733792767,1015.8802858193213,8,170.1095729389833
24.606950833302875,84.81236769992655,39.947943738653805,1006.6623718749905,9,309.1001924806286
23.129099958406876,73.36010918838574,33.95892221864375,999.3221687587525,9,343.7044262089016
32.27870845130105,91.92431542791971,9.822336656147609,996.7703483957602,6,432.77548115508057
22.42418096866595,93.2336894725404,41.09813229143367,1011.0115913381723,6,278.28935940070363
31.372409300375413,70.24260448992587,7.657753774230995,1003.8043715820369,9,303.97580520614906
37.04368386279932,63.287734267282474,26.35869890191055,1013.9021117714633,4,17.68965025113416
31.207586846014063,78.43281577248139,10.685484951738307,1010.1687476787378,6,248.77463185677024
28.21071881930435,93.79344058960118,5.468264429236163,1013.3135533624514,4,10.000901254215117
32.29261149507765,60.111785072272,21.88137040510556,1001.2547589066244,11,10.890700369215981
29.332046247864266,79.90239601104717,16.80162830616625,1010.9242552166044,1,18.39797274217758
30.72986862905496,80.31489056444099,24.44001975190412,1001.0734256479556,7,349.95871044424894
37.0634369404244,85.18942507593349,28.087995469382033,1016.5985750273567,10,16.105497424495148
28.177642204812386,56.31524888610847,6.749562892357894,1009.6366084752676,11,22.049619583094987
37.379049021182624,84.35959830474025,9.920131804949825,1002.4637714040329,12,15.967358192758109
36.48561027129702,93.63356099195076,27.345695858017013,1001.1987728327223,6,379.93616481508775
25.132658156628743,58.624789225771615,18.72669412690633,999.3913114566478,9,308.00344071002144
23.109780814002647,61.40207959634613,34.16693950197792,1010.9767420545558,7,198.8938293541952
23.612448022038826,96.6269645139987,31.091665943677587,1000.0304590989523,7,402.03337865126855
22.291549210424797,58.68689373005551,38.82417451959627,1008.6919751163323,2,12.14784162080574
23.511087372094856,91.0104844817398,32.69971306676901,1001.0866056192832,12,28.559932451363395
32.92810837466171,73.62933710950567,22.197243095605927,1010.225285730259,11,5.281133306913661
23.139018375363662,61.867091571352496,31.918664895777297,1013.7436137564324,9,166.5965017644422
27.10361008470018,91.79599526108055,16.01524697021674,1012.894580592327,10,12.05009541838278
35.518004975511275,71.37465224012794,17.252539951128508,1012.499580611408,9,205.72421280743114
22.372350971773216,74.71123298862513,36.55940639683173,999.3176153309219,6,356.4054128463893
35.03149572142297,67.24320173118875,22.856780656063286,997.0328537806439,3,21.443242548044317
26.5096763963744,78.46164086887651,36.9352136207341,1011.0758230552099,1,8.657256695335047
23.8906372419465,57.849145884081096,37.89689494673114,1003.4719859172701,4,12.466441099923522
33.14779464582641,68.77191375928452,39.30249350645135,1004.943963207277,3,22.970093178741674
32.06308554847814,96.5317914720938,41.66540943364829,995.716429134248,12,27.45989362460672
36.039552216432845,62.390404769654126,22.23940882053185,1000.9702583333261,1,21.401905401073236
33.761136700862174,81.52335989798203,17.754672732845552,995.7745572891126,3,24.630479761124757
34.85569488615758,65.60912308278536,28.287949863764553,1015.2212727698287,4,13.210276372558031
26.512553161140904,87.12671003295682,19.846896937505104,1000.5981237140262,8,372.19375864531736
24.839032700475563,56.281935714480795,29.042966672009317,1007.8187549001792,9,208.1549353148273
34.00983602625374,96.55141016377014,33.223434505752984,995.896524375206,3,29.528799580319852
34.909355828276226,71.78189798641469,32.536200739685476,1010.3374900000301,6,234.58253941387255
37.84808227201077,61.33042224063027,19.982115480804854,1002.4296289523442,10,11.58368363311114
28.601882830582824,53.52784387184061,11.674408067950113,1015.6521413000263,11,4.093446182360078
27.952289372684533,58.14837944420196,22.2211735384883,1015.4267183454829,5,7.03157756262806
34.42260737187195,74.94914953068886,10.70376576327635,1002.4816842223202,6,328.3990573764804
27.452856644048286,66.17615246870174,40.60388140735233,1015.7221006008807,4,11.770601310305153
36.89211720965704,89.78640156236526,18.835098429514296,1017.9116264904719,10,4.798414206365859
35.73460402948819,70.68260113576669,11.178389888932951,1013.9845602748508,6,187.1084863362662
28.863904438000294,61.938285084206235,6.017910396230035,1014.4320409983702,7,157.16137397413806
34.01393708466396,79.62295935699345,30.832895451459372,1000.7272009305091,9,345.9423286492168
34.072685985354916,83.9253064105014,30.47609269818973,1008.2641551737283,10,15.745596336969585
23.64998190137492,58.018011579245595,18.624166663251668,996.5468860212494,7,333.75794200073705
36.440846506873065,58.04572238183925,7.86847555390604,997.1831125468984,6,326.79717830863063
30.084037959165713,51.760228492810064,21.385155795809283,1017.9745300767656,1,3.2600116758811772
35.22331945772387,85.34729672315075,17.448699802535742,1002.512702736796,2,27.304913575370556
27.120793616489788,81.86261732584664,32.084825589400374,1012.2082299771234,1,11.754565205358825
36.32837165593921,72.78228203599107,29.231169978107616,1013.5532962196168,9,198.22913467630042
28.227226859746608,90.52018155052147,19.583749127901598,1014.7345352331663,10,13.148684346800012
22.173402423684774,88.67216734160255,13.715702170199604,1017.9454508402496,10,8.695192018669982
36.48611162270822,78.0970094910441,44.52143864622367,1000.554419160908,9,349.7477490472283
23.460586828578137,91.67702146463641,23.160064847844595,995.928069017773,7,436.2776883948537
27.109018201446638,59.880378081764874,32.530969431209485,1004.4574049138755,2,15.105200179253156
37.20099147281288,55.372141731090935,10.622118703134431,997.9918554060657,6,308.3313493728824
37.2097143510009,62.9479813528155,24.423587986375914,995.5157954507273,11,19.531577209750896
31.17500620997258,52.74016909228711,6.1014687947786195,1003.2898170242541,4,18.06614621696274
32.109395394716785,75.49613734404954,25.218204716417997,1013.0259797747304,1,11.16471095330946
29.175128351653115,94.95707323015816,43.560696284708094,1008.0221558981766,1,18.988747740925636
26.691372347169033,51.88848995208846,20.368268519432007,1002.1938937518381,12,15.62100714486306
27.258632725918655,55.861275872481286,6.5598405029964635,1010.0498661263325,5,12.794860117467081
32.76029529723262,71.70555335760488,6.238231636773741,1000.3364181471027,12,21.864292224024233
34.03799247100288,94.82600084133944,20.51947039787478,995.3307732596579,2,24.902943130073457
34.66526469961357,65.17549303888403,11.400997458527762,1012.5801278880379,4,6.123325637938254
34.63389028471286,74.34727081704284,5.9340838531274365,1009.3460909518722,1,7.9943321162291845
23.459297648779046,51.99549723441882,35.24854455800707,1012.5329603635221,4,13.68793540307556
29.910724875241304,57.120473646180265,23.340920355275628,995.8955743838163,11,23.25318339295438
22.92094016026631,97.35824590202465,16.569790878906183,1014.253751440105,6,262.68552182625393
30.792462117179767,96.32569742893018,41.00332732065923,1009.2491026008349,10,21.718667667441238
29.064488021974032,50.23711908485166,9.645558408021024,1007.9580930663907,4,10.255303295612412
36.2032669241328,95.68696570031547,43.23675315821277,1009.3661231066342,1,14.365858559242216
27.614640200833257,80.67775701514401,17.558668695094113,1014.8819646779724,7,201.2350534747028
23.873072262841696,91.66007813696106,40.53614689234725,1008.4995396508549,2,11.919138728473335
24.287866912845374,71.82751307042524,29.11771505917846,1008.3618587374282,9,255.87831329694646
34.18417010747956,74.74860937180401,38.0682943896595,1017.7856206125126,3,6.62268085321033
31.891489013060177,73.46463585233217,44.360526528418575,1012.4047938425771,8,217.22494038552517
23.617962817964646,82.00948436221302,16.53621751274983,1005.1727575253761,8,310.8781730458437
23.34570889783996,56.70326022830302,43.44541941630372,1011.2701310007574,3,6.72923699486194
33.215506103345916,51.43873231388854,20.579275796096816,1003.9523008489111,4,8.18699267312477
23.164208101827096,64.78063719637717,20.420476189476894,1000.2641356371205,2,15.065648784209303
35.1497609486457,83.82467661135904,18.615484170180228,1008.7275931684185,4,23.06658627129781
33.29987563450394,59.68896570190152,26.656304293903407,1016.3481882566209,11,2.120271159432633
23.301580490270396,82.32475679959603,11.165801727139485,1016.3702089603556,11,21.733569819120245
23.35740342536307,96.55577821314898,27.14845941432045,1002.8638213964263,11,17.327594538899866
37.786233256018804,54.50723435789208,26.66819249640016,1007.136581723099,9,217.93589796281486
27.988332732097923,82.28490167480606,35.4760725041948,999.8676256671068,2,20.318752396429925
27.930274353070253,71.30001052661942,38.34599847750342,1017.8995155184743,12,6.865494460543573
35.00479307612004,91.67082821012025,22.617654012496963,1017.5657118809626,12,5.570801499416021
37.15597723814174,58.50318989347453,17.09332997405975,1009.9387053832713,3,10.70532223923694
37.776017021165934,83.2460457068559,15.373395892683778,1013.5015233725819,11,7.227023307717775
34.054050964143066,90.22953390310929,12.784953468194878,1011.4473037095252,11,6.96045769994519
28.020153368494654,95.34148253475311,7.305903287960995,1008.6426390379078,4,18.467047173903083
23.3360114671787,82.795905357903,18.697919153388533,996.2270039307447,5,20.1340269646389
34.43435065483899,73.86438867240452,15.80990768523133,1005.4595798787112,1,24.764296840982894
30.93446799577288,79.65666752965826,43.65669543465629,1010.5200849498505,7,254.07788568507746
28.787552147951622,91.70743925497848,27.308353050001756,1010.5832271193248,10,24.61041491588555
36.501670161515776,77.38926783866383,18.891081561220304,1003.5818202237148,7,312.1764230767142
23.77915971689842,51.45857886544817,28.21870403974784,1016.6589156931348,9,106.34609474599635
29.882001668653746,94.68553738433494,10.56786805382782,998.849211741446,4,10.536804138220743
22.181658316278707,83.09728404951494,22.761749968088118,1006.5082672629579,6,299.42657717414994
29.49857027190602,82.47264251730783,30.049372856842552,1010.8903314606689,11,14.953915666491318
22.900852410909398,60.352407315090424,24.555913271698056,1011.0341235355116,2,11.606151437616345
23.901086660289153,81.62650257116755,21.07115202617297,1009.9186960056827,12,14.697180755268823
23.880419948433676,68.90549147139961,44.75393555598793,1001.3316289093927,12,18.35886414854663
32.38736483385702,81.25918289799162,40.21259048595708,998.5927510797923,4,8.079605444986246
33.936718068246776,55.11646545478355,29.936238326377605,1009.6266275170143,2,12.123767142966681
31.333900241554552,81.57657462094573,27.77509444729131,1008.7839486712071,10,17.999082196277254
37.39476077559267,97.971858836992,29.826419192983362,999.1251882366525,5,30.690511485071447
27.997929272379267,52.31417786530669,13.052484312897331,1011.218200348123,7,167.032284663952
26.57139338050977,96.90436084262323,20.805509730572744,1005.468955809874,1,19.3696389153291
35.89758605103137,69.53158211469778,6.578381315635973,1010.3584936068726,10,18.234666585382964
25.57753341631124,91.79616561618843,24.021841499473066,1014.2594428347135,10,2.1450496747646746
37.41156063104978,87.55450323479712,26.720983358306526,998.9037538572692,7,390.58845090296984
22.19447159503706,77.21678052736006,14.109989444128384,995.4403319639273,10,19.06143580572768
37.51806122732222,85.44556204406368,43.56115388662055,1012.9193594871031,6,239.92169010963954
22.690558591209218,92.16874694246471,41.37818443748968,1009.0230407785102,6,288.83709920339805
36.258289819169136,69.39873543924958,33.88572941823624,1011.0917101013088,12,18.846949920713268
30.4432177453808,65.69759175503546,26.335465150614503,1014.2775644247388,8,169.2897809559208
37.88743673790881,82.04448250705207,39.7987663859074,1013.4646515009636,8,226.43969371542315
23.180745035766382,88.7766052131804,10.226093752938517,1017.101163379363,6,206.6277352388929
30.861668550421133,86.58968646927755,36.6203917709954,1007.3265068135987,3,23.570895221309932
37.50884056990559,88.29505514521446,9.992832558673932,1006.2353995511778,5,8.876218418157396
30.36956550672238,70.90799911102079,36.768426501976215,1004.2434055974868,2,17.16084232662031
32.0703782101642,89.25604237640104,16.03070273005428,998.5348939854167,5,28.690921692498442
33.13197902375387,55.7700346577892,40.083623240727555,1008.1699663562865,9,206.38151806719782
29.27265703628437,76.13547670212077,42.761683753015916,1001.3712880594975,10,14.402556470949325
32.040929281345015,50.276415703909834,10.951838776204625,1016.1900727808984,1,3.110732265807611
31.349028990769604,65.58011983521297,23.50702420261574,1008.4133884983733,10,11.280076065578102
36.418528167855825,67.5901536738271,44.23949512650741,1008.6353241516865,5,9.827979949185481
22.727142085463328,69.01628919724426,24.336297438925865,1003.1632672001713,12,16.18059036611952
26.495411033475683,83.38242592111338,39.54190090058181,996.1957550954872,6,417.4566010924264
37.20658374522494,68.6507888609766,28.549260885252792,995.7301066035787,11,18.359238427921596
36.24422054225466,71.53729388588147,20.013196316784075,1004.7367083155235,7,284.63061569607623
29.290508044571407,61.40211828196772,16.431342221034807,996.9450036962364,9,342.80229529927874
31.922121564824586,67.91608599820833,13.12892364344349,1008.9574799774232,6,231.73739921222045
26.43809892769812,60.90894210863127,35.47192765510789,1015.2623791297121,5,1.7420775928293057
25.00993855558018,53.513404340885295,20.461620272921117,1015.3070407799306,12,6.87197803768817
29.419174479039714,78.96553248230614,25.451018488030044,1010.1580444330414,7,250.44956724153818
27.653635648416845,82.07421433064079,24.693019200047278,999.8583321238774,1,25.895266745766854
31.338497789613953,79.7355366084615,28.09116116932525,1014.8489271212541,11,6.787567593588096
23.243754191439756,72.24771410242747,39.62308582498209,1015.3801490122038,5,15.04314226284334
37.590316922658666,68.22971744860303,44.22957374333718,999.5230324539181,2,18.51378125892593
37.77937191167365,91.44001517944761,21.303368342952677,1011.9607999727256,4,9.7142140905013
33.170587424315926,74.91592568653846,38.10075688425212,1001.5899496253238,7,323.0262292960231
30.577541861505928,73.00073012622708,35.58111178618871,1013.4607271841173,5,21.075623149268587
26.952441860581246,51.23081915870891,27.941158058222932,1017.9364716977828,12,4.435467932546515
35.02072031531118,66.37989572605551,43.24188574447732,995.690598122576,6,372.29494832955953
32.95569876086207,68.24938970172114,13.018980621136112,1015.6394149131914,2,0.7956564313198697
24.60187102951826,69.14349348305123,9.370568412384856,1009.3205022727691,3,26.459132033446252
36.57483495190148,77.84827372291196,39.15847867821689,1017.3878002407909,7,176.3694870376852
35.16059588677071,75.61292224289016,22.56599266534993,1005.6952189031078,11,15.203735146221675
37.19679861267078,79.17944445408534,38.87875416828242,1014.4899224031416,2,10.243928381491159
33.61151213421376,86.71439655402216,40.723608207816596,996.4350635777604,12,27.486255943502293
31.814643134972638,89.02331545837248,7.4983037447628575,1002.7114181518008,6,360.6813011231599
28.691888580649902,84.46990765887173,40.33859051944243,996.5413803682778,5,24.303003406439974
36.92365573366421,95.86513740583686,22.932762214776886,1017.4328920700186,10,12.733080533933878
35.857022232006535,50.87516396846536,25.41729956016929,1013.7903998672523,1,10.471121734732666
22.72349872169903,59.397343312810214,30.063700443728408,1014.6085906886573,12,0.0
22.421871591956034,50.36301799895082,42.05530426920347,1016.5732003229796,11,4.057789122973124
28.023413870048792,81.07878627942094,5.764643777190561,996.9573801807551,10,14.363858404790074
34.96885329250932,93.10546634959937,24.073738732712684,1003.8687446278067,11,23.398589562764418
37.79641806903911,61.687150235662365,32.50888169722243,996.633802448012,4,16.310592713732163
24.40667025765645,94.49765815022272,33.90827830792914,999.8482413356506,11,15.152790109249366
31.506091445634162,52.89283473389892,32.70129726148432,1000.2754128718665,2,12.128673214209098
28.094253706096346,94.85292928666469,10.377405176324874,1005.7894658540943,4,20.249570180738722
37.51863036503365,66.87788898750244,16.97582353486725,1001.1769298514338,1,16.768162414361072
35.473902770171335,54.868199765562395,19.34862101668054,997.3224964568085,2,12.319631293241024
35.41325927537821,73.32184444094364,37.1774883071802,998.8522950491645,8,345.32772340976214
29.499090556719523,62.32527525058438,16.15039489658212,998.3873379616981,6,328.31338603895864
28.637112037402645,63.673899294172294,13.428198554688127,1017.3807663519829,2,4.655523542125549
26.3745131508913,64.74991831646176,43.29792076152385,1012.4637276591249,12,9.391346785838714
22.902007946414834,88.54524309596785,5.354531404538756,1017.2585137012,6,202.41386086866908
35.83555802008085,75.87974128041222,44.91283422727913,1005.1140311896819,10,19.02266832693341
35.00641614608124,64.94276955948817,32.07285195429583,1001.4024750782411,9,307.84849895388504
37.995482772578086,79.29602159892409,38.13877197796468,1013.3607435358113,7,218.9735993557615
37.946189393182486,84.37523236271329,16.784775853847727,1002.5038401149463,9,344.8580166598624
30.88690728964204,63.08595203520962,5.572611106682399,1001.885817595223,5,16.886079458978763
34.30379864288817,69.85035687321687,34.5147807424612,1000.3476378207802,7,326.7346172905174
37.11625167811885,55.850532480173484,38.36578388002703,997.9826164991574,11,9.733748529167704
35.59435825083858,58.695168777664655,34.61904527814077,1000.8986504033857,7,296.8703741983595
25.95756962789116,82.69365699031917,10.714011492033544,1003.1723542148994,12,23.644766901950433
29.208706164961498,58.70904068939009,35.13711689027876,1010.5018667873518,12,20.833996405794323
24.06655064242392,75.20784241601889,35.75691128430564,996.4389913710473,3,33.372356496322666
37.264816436139554,84.03422056267677,31.341620626802197,999.8416596123029,7,367.57829098505056
31.69879415121408,55.1300923085477,35.644637311823445,1013.6075437267085,1,6.779288931448383
25.658284888055405,77.23098654218737,38.836857587109286,998.3792042424267,9,382.3228157569953
32.74721095049371,62.31501361766546,29.544164569498335,1002.880838370018,10,15.839146078904529
31.890051847326333,96.22049001140383,8.544188558787162,1014.8871552027372,6,250.82329691592412
27.730603488525446,73.21019104255639,24.505112386688435,998.5632821562992,5,12.770011514556586
23.816921475194064,88.68764238920758,8.105973386864203,996.9029472192184,7,418.09589604587205
32.745171129484795,76.41087402350057,21.301721241297233,1006.1443738868403,5,25.998817385451357
30.324923214460693,52.08380157703132,21.284259565025106,1001.9556487594064,10,21.39314804719884
34.35709426777023,80.39126602851307,7.640393765609663,1007.9583923831286,5,12.837644027092201
30.322616017791894,95.66736042591954,18.952821358779172,1013.4875124811199,11,13.032688346633108
35.634904005096644,78.8773673670239,9.439923951652593,998.1544152275131,10,15.873228179744626
30.83050942039177,89.32106525248594,37.329408400368884,1008.3560789447486,11,12.821907372300085
30.975007544566182,92.44191024072357,42.90752103857883,1006.6267014889669,7,316.20592339594134
36.02645764253352,60.94782905354876,7.892659010317544,998.3138120783036,10,18.13926702828692
28.455725859398353,60.17815231559488,43.20460829166806,1009.3519651671666,7,214.3537456280689
24.144243655210254,79.32708746484761,25.903063973469806,1001.2937296107978,11,21.493255848365713
22.460522821013424,69.72936655072183,16.982627118154955,1006.2201893265122,3,22.055780002036812
34.082196090777906,90.31334253760258,8.07448301104654,996.8922634583724,3,29.48102373562294
31.924952821655435,93.20110992310454,25.02497072281671,1005.5704333159133,10,16.635877150285605
33.265276289587575,66.96422620653047,36.780621779629946,1002.0486597649849,12,13.48754702702169
25.40742658414257,61.36978683077514,33.283459090667925,1013.9147678572632,3,5.664382394308825
24.181943609388316,87.46522473170538,7.0090404585589505,996.3105107209394,6,411.5569569367009
22.232714650686113,63.190689706310536,7.9160734147161405,1004.6279673231215,12,15.29538112311464
27.60940094090555,89.48548728865657,21.114931305305483,1005.5439227550231,6,314.32585349761024
31.438682989674128,70.33943617514062,16.811619761917733,1011.6751397548798,3,15.00630348152658
28.275904721595715,82.04239516599058,14.295372922241913,1008.2086142270748,3,16.361019368907986
28.999598752379665,54.58569506406407,16.240179956348545,1010.3458837554662,8,183.06536607945893
36.466539111899976,79.94524758447551,37.139309731875386,1012.8721335699904,8,230.47437216637277
27.572087472372807,71.684848579387,42.16912214527416,1014.8306683941383,7,182.48953082552526
30.223831826556975,78.15720623242277,21.204107781102657,1002.2191364246169,10,27.131529830691306
34.53844820385829,58.064681971753444,41.244440085299885,1007.3745222233698,4,15.775364836219719
28.344684517140323,85.36993975732074,17.85982804991528,1014.3224858041016,4,9.080064644630124
31.953387203645974,91.41425972207497,24.057479453751665,1017.7573760121963,3,10.583300737484796
35.79781933994792,60.403510404357235,14.041159912639989,1015.4589441540065,5,0.0
37.192329978522274,54.594298664967766,30.619041687033757,1003.5437470403607,3,9.897887359817593
24.353175694864607,51.13465213022415,44.15924460699236,999.488829896029,8,283.1393300266566
36.825402002583914,80.81463202127676,29.139723841735147,1006.2560283603516,7,299.8240399236716
29.87386068927261,79.14051373226147,19.312563364541955,1012.057753392229,3,9.476025019115406
26.131910212783332,76.24147581027536,30.912697839621135,1006.3290886273259,9,277.2893816121773
29.34617209981218,61.13346061356682,9.916827138615503,1006.1131598562143,12,4.475798269401462
37.68052120456763,68.7634878034647,40.546363210615944,1014.2792996848814,5,7.252490644658934
29.881889503885915,78.5348640889363,25.123358031193455,1003.3122869185453,9,331.3728658161358
27.26002576460013,73.84480922524013,22.97398968158568,1014.7752775206678,7,189.48058703814533
32.13441366906761,97.4137049703146,28.43459153814077,1004.3565104218897,7,368.2129115488155
25.84232990045109,56.54910812272319,29.991354511576098,1002.5493614306018,6,263.56893655898443
23.21381324973862,83.3669385942845,7.871032249060521,1005.4417679575931,2,10.006400600018551
24.062075550570388,69.40730086900602,32.304688848936095,1012.536280049522,9,193.10411459279533
24.048733423324357,70.55358151642952,14.677267212621183,997.8980466408718,6,355.63488297106034
24.43044309619671,84.44469275159246,33.55810530026359,999.5176419650564,8,368.03925485396996
24.221234762390562,83.23693526356973,37.90139177536787,1016.8832309902511,1,5.9550189659716155
32.25399591685144,97.58028769770505,37.15834030210081,999.0363074297712,5,21.059258143913603
24.910081350386317,56.16292589379801,27.100038696315565,1008.0577283124143,12,5.346804625242616
27.53067653318181,54.997263170439986,25.806795692430047,1008.3242327332246,1,0.986607380711515
36.34861455849619,84.76826322217957,10.715038453576469,1006.2613626271557,10,19.054373030304117
29.583386244205958,77.76257201630764,36.01384601612543,1009.8291407172668,11,14.573884316671972
32.68092381633643,63.15971199487068,15.856375217868575,1000.2860146933452,8,314.2391886436636
24.757117939226077,53.81212971147136,24.867816912717863,1007.7112321588652,8,200.65389677777313
25.076624300938732,54.111595980628664,16.37096371710067,1003.5599848706786,1,18.12147814973079
22.653897860263662,92.92116198387768,10.353134519987726,1010.2183469714713,9,297.0331313268432
24.702961009154635,59.20963158649966,30.182307875669462,998.2481414975824,2,19.63572981647477
26.457445424511338,65.521834981545,7.173281392916153,1008.1301805873079,12,10.355703772429155
24.83216774842795,60.87950730689543,34.945809365048,999.2612181738165,9,315.44523288178044
23.419240540112888,67.039822679933,17.703471810444668,1001.4087904516458,1,14.392160411323907
23.930173937609613,53.33234445181248,5.005387720179413,1000.0303254074424,12,12.193562079430778
29.372460288523612,74.91486996359697,25.44516556948919,999.2052689369827,10,23.6795197795025
25.30133949449268,53.24540305242631,6.874076341104125,1013.9913518858954,9,137.98268214595632
27.828317776769207,88.41711237547335,16.04678231283598,1001.5712740562004,4,27.029451813605625
30.054676333677712,61.21817993170079,33.27905949822865,1016.3238469828823,9,134.29839554228036
33.04631725806985,75.9205719010165,7.507584864874635,1017.3083100829394,7,165.63447254863203
22.628994237457583,92.24379620295,38.5735396942401,1008.1389908085532,11,14.84305793118271
34.79056638254468,81.24211371426532,5.152796906343324,998.2890258213117,6,376.34223008273375
32.046406231854526,75.58197375446409,14.87295476807609,1003.6146095977304,5,21.796474535159
23.30814451118195,65.56802014953803,34.63616224608286,1013.347842057009,11,21.21073631279148
35.977257985708434,65.9840918267935,17.65080598917227,1003.4499867600326,9,283.11945994184845
36.73395840850901,82.13537384951313,9.07569552264054,997.0013960209642,2,19.338342484968557
22.97724735767782,97.71868933861604,19.409356752017114,1007.8060529513483,11,15.024741104834133
26.43004237035526,81.76828111277018,15.815731455381021,1014.4377795844088,12,8.821591089396074
34.89922047668898,76.77360403376119,38.708476086422195,1013.3063069043005,2,20.348910934025483
33.97215504613853,85.0712244914838,17.533916703405726,999.0278322229981,11,18.402293986039105
24.952336309702037,72.32986938961847,36.55729887104029,1010.4735861314867,12,10.162293418999212
25.349589173387365,52.886832444837694,40.67488579242939,1000.0715980590198,9,277.6295799650825
27.92755364466211,76.99024716213967,22.35269678306118,1000.0187732946999,12,21.575419438437734
29.75236776305634,95.96601365625824,41.39772575417568,1015.1036507860192,3,13.756223902634856
31.892076344484735,58.41454123316766,20.092722158527714,1000.7423859130253,8,286.5797694870914
27.902618233116357,83.12023475939196,43.563136659604325,1001.0546889699143,11,16.002276192963734
29.400555458130366,59.64481705563471,8.571580981022917,995.0150279875099,9,363.51236073960064
33.9595350101401,75.71972885470791,32.48077066012971,1015.0253877848869,8,190.91220783321353
22.586931246249566,54.640469583042545,24.75256161827715,1013.2296807038101,4,9.113093688237226
26.03899110950433,71.61780494039289,20.505952218225882,1009.4285655070856,12,14.129978611341787
33.41359337415284,86.29583978697181,30.308475149944037,1012.2561125705934,1,21.22679376461536
36.32330940299519,66.68343316347114,33.15428366537325,998.4971170507633,4,14.14500726409383
30.186839073850656,81.91576277538647,5.1745307860123635,1005.5414426755142,9,305.6970100773009
30.513815764245052,88.181598117907,11.67812354988795,1003.078045909022,2,19.217402120139386
23.714752181436417,94.50453533501373,33.52184202537275,997.1568601039114,3,16.02073046480673
29.158597869175274,61.26281992906177,31.655416543128258,1006.1810011599432,10,9.312742909777244
30.52187626328037,69.1671639588468,43.64190020514709,1016.1770119578806,8,165.54280766342936
25.879528058155675,57.31596863986004,35.44151161003132,995.921359738166,6,343.61150242251614
26.307891695190094,97.63920810360202,43.03090830925352,1001.7036010103573,8,396.68730645684457
28.036546609673962,94.49604646036617,33.10162006139228,999.7734415327312,7,400.5223428826904
22.321139164443622,75.91794225346686,16.922088345577727,1000.477373034311,5,17.331970739373933
27.153266649330853,90.41759813006823,9.214596890034258,1015.8939946932256,9,213.84200301013172
25.383168111944713,75.00598290905802,36.272954533797424,1005.7655882473887,4,21.001277028597627
27.239957634846633,79.93211302413246,30.765968859036636,1005.7248864976158,6,305.68186958643565
23.91619410910802,54.277972741568796,6.927440495731849,1012.4932397764715,2,14.408136605446177
36.24843649183832,86.25298018384677,19.402018636039134,998.5533206921133,2,30.488940681533713
31.49747925686478,56.13024721449127,43.271992619371446,1006.2071031443012,2,15.167120635187421
32.86563710631184,89.65124625212135,25.01604582840805,1004.8896599247844,10,26.99481262820225
34.626739817717414,87.53734820817851,22.309165440788185,1008.728945882573,7,288.9482701700935
29.975075182864916,84.01974549166286,23.30798420637176,1017.9898271747601,2,1.6142111487822604
23.39072460939878,51.73569826518858,13.35530896020655,1012.697324563887,12,12.76294037029854
30.593704669096766,64.55016108537578,19.74828683459181,1004.1509111694008,2,6.6180334419761415
31.389457888334064,62.629403355720456,19.792530239487064,1014.0337202023031,9,165.35927751930126
33.92703158694928,67.28654755863292,7.094200807498896,998.926292356187,7,340.9528824348301
28.906552739674872,54.20685184466425,35.70270514071673,995.700664785106,11,20.673991404258647
24.04128484472902,94.97397550549101,21.66017727615516,999.7023125666783,3,34.565663893782954
26.54041449277959,76.58250755419405,37.887195472656934,1002.829465790628,3,8.525876763559374
27.80931674237816,64.66516691158513,39.01392004479582,1006.7433574215698,7,246.34291106327547
32.33467586130562,69.05511281956561,13.479762187946323,1009.1479702324476,5,13.447313237925204
31.13245287470259,71.46572194423211,31.29413928680514,1015.9439314959317,10,2.9476425326060642
27.69754761436554,78.82852800130962,23.89127216651927,1006.7266422196606,6,280.8214711436096
37.78424398068768,74.7526125294319,40.2062695168594,1006.5293398263918,12,11.617171054741007
31.692397109710193,94.13081471429203,13.629627167058164,996.1555892259286,8,434.93435785752143
25.79562866777591,73.85424717947986,32.11252801240177,995.8029657110932,9,386.8207788852459
23.62851956192646,97.62358471151902,29.310084890108904,1007.6766791240766,1,15.798941578636285
24.44574622694931,90.8683979717646,16.812059102873313,1005.0781081047119,3,20.881620733133587
25.93532365415213,60.00850468915212,10.464036146046904,1014.3011490845469,11,12.067823630551533
24.57090197215289,94.66857030290798,31.065590419091063,998.6956304483724,7,418.1767719388265
24.985072384820892,55.585587098502856,34.54389832529323,995.5743482286921,6,336.55835624861726
26.561522699101552,89.23758600757719,17.625093750534,1005.3278916623929,7,331.84475651341353
24.773977524716077,68.26991808687585,30.793304160892554,1000.4620068053019,8,327.9803437684657
36.3482467940228,92.14276738136334,20.80523630446013,996.1411305867932,6,437.245700412876
23.283739930586275,91.66672112515761,33.52827533130471,1011.6657605974955,3,24.762107493745035
30.392182233124075,88.68441920564581,12.968610995762123,997.5666389990167,2,28.360418607326732
28.566349231834586,87.92146094273895,40.608600105446975,1008.9913485001788,12,25.064660013973267
37.718057870537706,64.62459867670596,16.49638385862319,1001.4641442538384,7,289.61364598982306
23.792622434688838,53.8841255864601,19.711439510246116,998.9904091581656,12,17.51059520463544
28.365689584731868,69.34304858072775,7.323678083213991,1003.7342850271443,12,15.034654251868755
37.5115269324059,58.32917671935242,9.460488492851056,1013.4332528531279,12,8.447817911648572
35.84811401430368,83.35765226731816,25.634476108493125,1004.0181522688051,11,14.701535900967134
35.07315313518848,66.6127868738137,15.70370706911886,1012.2677019318543,1,13.078421742618527
26.126445232719036,96.82928964127592,38.41920902968778,997.8861848263805,3,15.519193284688793
24.734201398241055,80.76665971257594,5.587735546198154,1012.7737426522968,12,15.0756042769905
32.698291518790896,89.47906705444933,20.163761946877447,1000.4494664728529,11,17.98841474409744
36.870015826041374,56.36118429160872,18.493821870763707,1010.580041987444,4,7.967833843588815
30.90820628822288,91.37669514908589,5.773105236704041,1008.0129757613429,1,19.804994614876698
31.145803031518398,94.29234514464292,9.974735960020409,1016.3703284958688,5,13.458466764953279
26.479665498564547,73.37897210330893,21.54570699674541,1003.9084179134322,10,22.46518934550236
34.31188693107099,79.10014101204692,24.714583377897867,996.5217993431921,3,17.695425426782283
24.992699976920374,86.71087044334378,21.171589890194763,995.4405761676788,2,24.005865309242065
27.178867782467897,58.3922541084998,26.237507136483753,1014.0177469023733,3,13.175978100991717
28.80698301786267,74.12317167024523,28.80526699622726,1007.068919666213,8,271.6272229002072
30.12176605895128,69.13582533307103,5.396952845113425,1012.8306131922038,6,197.48684368177268
25.878555718641284,57.02595162378796,23.563806378140157,1000.3917888002649,7,297.5990964357414
23.837389195827257,67.6416522699935,43.53996963550353,1002.9369261468044,12,14.829296430768707
31.76992067906612,53.27227085050369,25.761291205181948,995.6923890608604,6,327.8081188567652
26.618088851844092,51.23897153357537,32.10169069835813,1017.1143234652046,6,103.14824609402422
31.299811542761795,56.487981879431494,17.474554316675327,1010.3609618541187,12,9.874342558182358
24.46980344438724,96.22952535628035,35.959655126110505,1016.4637170184641,3,18.929511684414987
29.698241629677078,76.37741772296081,35.9168592750446,1001.1064173708687,12,21.205403598727784
30.521430920825374,96.35946373535455,25.851841906165557,1009.0636630581902,8,308.0212829465446
22.82917658915883,70.75989815984633,44.04055293116854,1010.6054992707307,12,14.450204277192727
27.38566845110273,64.96717438809246,10.022008590506136,1002.3036431059245,7,289.70633735333905
24.150634831023588,74.29480941633172,5.67790659558324,1014.5065124053594,7,196.94172845123992
23.013999527564284,71.09656105437969,35.80632847028384,1016.7847136467057,6,152.34511612911302
37.83936371823913,55.071904844563704,37.2862214945953,1015.3516677070081,5,13.510830521906247
27.157661519595568,80.7596631051299,9.80828916482305,1011.9985404466056,10,15.12680438478031
34.957991133674156,60.36983276046078,15.623313318344243,1001.3816876336739,8,290.205006727601
26.07425047622022,79.74022183509582,5.702094534665156,1001.4771689684295,5,23.48880486722701
32.90404355558287,81.20965243511137,16.732344431222586,1017.1572873702589,9,186.29214265140484
34.163645758234985,57.29719295017511,35.92567495674686,995.2365434065209,9,353.60034292031094
31.53021984972551,52.94478210131207,25.718421108503158,1011.4691493845693,1,15.994984197235702
29.545219016802534,87.47655613128511,18.923823726731523,1011.243661738771,6,265.1373611313338
28.589454626356297,72.07042034092737,19.86957179625321,1009.3218594418454,7,236.05879937501214
27.581892264687923,52.79186218426284,5.054145028618726,1017.7725034599979,3,2.8756508712521134
36.87246630796521,97.75358322414883,16.992021102609435,1002.1732270225657,7,387.0329148616186
35.28991052460367,52.773466927825595,30.85834966551722,1002.8193528672447,11,19.96075146008076
37.440430570664205,83.36169098521054,43.967777752654285,996.8156062677708,11,20.76657449028382
23.988755575768714,97.21658841264386,38.88243307935598,1005.184357140506,7,352.4059949779392
33.69387960325831,61.480645002364426,5.943798585821165,1001.0041161034015,11,26.27618668467452
37.01344730913661,56.82796969698542,40.94242418699358,1002.8978941500858,2,14.632246104577563
24.899729058650564,55.82647709227659,36.32793653194504,1014.1951511758795,7,140.5913890603071
23.06394027786844,64.55720708324459,36.215044942839214,1016.5161438111325,1,12.102696988610402
33.857930388640945,54.85019892851104,23.31983036014286,999.2718606561193,5,16.732244020092253
31.19156981087859,83.22374440131833,20.920211718180113,1003.5677054257297,9,325.1175815363612
35.46926042813235,52.99000631024301,17.116629153327704,1016.358502928654,7,118.31230733184981
24.236358026020632,74.4522621511899,7.627794358174631,996.4215945958521,7,378.80439416338857
34.724276989758245,97.84144898494289,14.129414539747964,997.1242921465617,11,25.3979845416017
25.226037120763912,89.0705729362889,14.864145399120986,998.7441927517433,12,22.464080449823467
24.618495085851272,79.53053303508852,24.363082788408065,1008.6898951849181,2,16.46145404201262
24.628252766895887,64.70017379775736,34.897776263867755,998.460862233138,8,322.8660628229487
35.03319552370211,79.94700014199864,23.952393135917866,1017.2657567733669,3,8.556568564703477
32.6431555311392,75.29799026775927,7.313777977886424,1005.274434126946,8,297.576999717372
30.36904679630591,70.45200242673783,43.31159203952816,1006.5349130880538,3,21.478600134904028
27.741287745976038,56.27409808352957,42.70897276376449,1000.6731481635244,10,11.443514887048496
36.03520865300973,92.5570023315424,36.40758172593634,1005.8320858059989,7,339.02569677888965
28.279121718762166,71.58966314342348,44.65311606256882,1010.2240135506513,2,9.312789200429052
35.06559103154523,59.34188056739672,26.779293312010516,1012.277074149943,4,8.055795103881248
29.026158537123493,67.6524488421099,43.510734010128246,1012.338965902328,11,9.611090441044512
28.03111087079852,69.8782281213885,8.024201624670031,1008.291495591964,6,245.6423535727928
29.4028765707137,89.72181898720996,19.627229930454853,1015.8002748248587,11,17.68215842449271
26.82204598662627,85.2134902669473,14.015250720270632,1013.8003804880406,9,231.51670030317214
33.96175008282002,86.92663489478431,12.833323365370802,1012.4121066380684,5,13.630338798705234
30.043526241479668,50.52950069257507,10.632117955707043,996.2789269986506,9,321.89042461856997
25.715403122349077,69.97539191262855,29.896545662639866,995.1581931310519,5,17.88783987622085
36.3931931723931,73.10451927849553,36.2528742298922,999.8862873754958,10,19.178863441922037
28.142259541971384,50.92122928750672,28.131935976814425,1010.2610426600094,8,176.31740021680815
30.696845777823818,62.471034019761646,10.878508383528388,1004.4575422442986,1,17.767371155535592
36.50355377543275,86.49391150986247,37.444950797338834,1004.2553439638841,7,331.67032071960716
31.987807934623874,56.581265874991956,30.43818828654914,1015.3454984292811,4,0.08091964942873808
23.870368651333827,75.6948863097244,20.52662824507982,1015.5979455070323,5,12.106705459310612
37.0373139778156,60.3296898568274,31.96521182144252,1015.9110310732325,6,130.46392932066058
32.04332884914268,50.581797182906875,15.396199169713313,1002.2191957598457,5,13.49906326990188
27.358489834513378,61.57766996477799,18.80768833976842,1010.894283693003,12,17.010598974746024
24.228353162614198,96.84194023568259,41.69943372527961,1001.2475631693105,1,25.52996576763215
34.704403028324734,88.4737813703835,16.620180226856817,999.3840261607123,12,12.207119432773135
31.921164094856216,96.0596789274096,23.799530726317464,999.2465465189895,9,414.38062006905903
30.535377471621146,73.41699410846539,40.605645495840584,1002.8684752798627,2,16.2297843164239
36.302281328815326,55.26733753652017,33.3088540107011,1004.8890252549359,9,233.5451929218027
34.61755537959249,76.30205547073726,7.48812904658811,1014.1118309342665,10,13.216336793768544
24.42679807572402,71.81011205887812,10.892121771158813,997.7574951498724,2,18.176431595543427
26.987553084728773,90.52913997150156,5.313663630876673,1011.9032944900825,9,262.56932958114015
25.975826237031452,54.70796387764374,30.236871609166535,1007.223463026354,6,214.45616267281898
33.90314068116283,73.43557457704534,22.906937016416734,1001.6227428815479,11,15.446623548891107
22.536518955772472,57.202335905311244,10.370994036091021,1006.3348504442549,9,230.6292900395276
31.118234957941063,65.58444449072287,43.31736484227082,1001.8986676048715,6,297.2338102747231
34.19933897185105,85.39313971461439,26.186388957824796,1008.7098849704811,6,281.4546917077562
36.02825018818799,72.84887020970079,14.675731764515568,1004.9784102256706,11,21.433421944627415
27.473307979454518,68.04263768699693,25.0241428461883,998.7813271688142,2,24.89138391053238
35.14011687475221,68.93486137136169,32.18481330940431,997.681410714781,8,345.319528098899
23.770107791283316,72.05344488348736,8.049568718942579,1007.574000687659,3,18.519514987995336
35.54323666775229,87.68079410417873,15.98815260191568,1015.7554997655803,7,223.56643097623743
24.03981859731172,92.82006506913126,37.278619635359746,1002.9110267908268,5,28.691478423582815
28.356596648965876,95.85606495218856,23.38659481610645,1011.8590024661204,3,18.623467542103533
34.756725852472854,87.77136254025416,26.863085681291796,1010.1492111636146,1,10.466902019552414
24.39867883758038,65.13953099590461,22.31264008837877,1016.4257630291181,8,149.57007918453039
25.668022323722262,83.03046589215403,6.755997705720205,1013.8825633978803,3,8.40907472793689
33.55604109428906,71.00494995465881,11.629991192806237,1008.0319209548256,2,12.626813589066758
33.52058458473719,62.22418985821046,22.821665549675636,1010.1117014593844,1,13.6042602869071
32.258362126164755,90.36183581244428,13.367418616317114,1015.6628887314328,4,8.836363758037734
33.103175111473604,51.8444647501916,6.9991611463871495,1004.1889320454995,8,231.94871328920243
30.68359109356154,93.28457562250033,38.74598656207295,1002.5162782347289,3,23.544631751216812
26.028784942511244,72.15091830198725,44.24770116656463,995.2486549236095,1,31.53107499571385
27.53113589606271,80.58567088679746,36.72571495986958,1014.0106747064037,4,18.503474170442672
24.905563468822812,81.64898826587756,39.15139686818668,1013.4225561092774,9,227.71625892229534
36.53520898133805,92.96565155391374,14.679085212681816,997.4024539163034,1,29.128959076792803
31.334268716257927,80.56014474402595,43.42507902052799,1008.2677197660521,12,18.917588785322476
28.41362266821824,79.46881206848296,12.877028178137135,1005.6715790578384,11,19.361563643301224
29.39209285830612,53.19929794691312,43.05719241447329,997.7303091967095,2,22.16679135147362
37.15653343378904,74.8835850533698,44.79277175863804,1017.5530692223966,9,155.0249958540007
24.453622449857285,57.208112039218,33.46891222984195,999.9380054116572,2,17.987921176495146
31.379677312268754,85.3968208986313,44.24574927167288,996.546386142083,3,23.130918627312024
30.094218862151457,74.58665219900837,27.781591182684146,1008.681489728544,7,254.5814981632346
31.783267766954367,82.65093340200096,15.381671327043613,1011.9939335740597,3,11.520928126150372
22.289762941133446,52.00029922891444,22.479835426624835,995.7461992590853,9,329.368184844436
35.95398254310642,54.070016770198556,28.74243741515144,1010.1505056907215,6,177.22609715554216
36.9138925197378,84.38352262700874,7.9232624810806,1007.2427131468835,3,14.286461085231135
31.042130937427345,53.46004812793632,29.893730584689845,997.3750952041261,9,310.48023554663746
33.14641318203027,53.42032293273241,44.24711347049178,998.9680491697663,1,21.286155353726727
36.75999009883673,50.5812068112746,12.604305991349104,1008.0634088382699,10,10.996330270796042
33.315818149014376,95.91206711837505,36.703804651535336,1001.8162251108056,3,19.75203397347284
24.440624686628183,85.40040125403233,41.31595175118478,1016.5812617589803,1,9.64815867017609
31.22061376266901,66.95606760809908,42.74806371280883,1013.8310252781332,2,10.233758733817963
31.707440742125694,64.23370790180745,43.40542417621789,1017.6220457498142,12,15.61504040874993
28.786090740838176,66.78575502780077,25.858385548858877,1000.9724292958596,8,307.10700478958336
33.78310776999557,87.18336949669673,44.09231631966015,1017.3036435543535,7,202.30272725843832
36.94987223630424,81.74578933137988,35.292408285377554,1004.9183790052058,2,20.287610580052345
36.80909620650842,58.88938725763846,11.466857449478475,1002.9929322922163,2,11.011715593658483
29.213429942466114,58.357248096036045,24.0760042587188,996.1580391202951,9,347.57525035657534
23.811808733452082,54.72299118624307,33.73324701488016,996.2136009307709,6,332.17796780278957
37.75745918339735,81.69453054566424,14.893612632763332,1010.9162588867731,5,11.78270303909363
35.42236938313495,86.68988778664333,30.624607341955496,1005.5323668719826,10,9.053895292942064
23.99460289925227,62.7222285596002,31.66401916186477,1000.2099973988304,6,311.0630014516568
36.73347012187796,51.00535812948382,11.507989752342635,1009.1213170454804,9,183.31744586123065
35.918341792994056,53.944240038868514,27.603412498110252,1000.8157367197525,11,10.788071718036852
30.301408914017152,96.45728167256146,35.8650764391443,1008.2855303499217,7,314.3642479583159
31.460406971918868,64.18134931891618,24.955826581437677,1003.2618011806019,10,20.454484518262987
28.384043261922084,86.92271109623042,5.484124671044297,1013.9417012120718,10,3.5641385115487836
22.8761862211525,79.98385130500466,5.361538763171687,1013.8760116976359,9,216.32807460420096
27.363155866334417,68.333102703339,19.281173758800488,1005.9790591568152,4,14.208676061890817
34.84565517756818,59.87298858538664,42.04776273727128,1003.0688395147054,2,18.024148606605845
22.074112368073646,55.82654807165151,14.147071184144352,1003.3388753208592,12,13.257397449647726
27.335986747058307,79.5206224658656,30.374547554867487,1013.531434090369,8,218.54405978185102
28.370699097455095,87.18242147061383,13.883034827732823,1002.5481281043451,4,16.50643635004761
30.598329647006764,80.90740416997427,17.866799586381944,999.8083655952574,9,364.80686834485795
36.71768986260417,75.4545023959596,38.92168358405936,996.947831863132,4,24.149440656228037
27.54153590985538,52.01365872471854,34.15445769079788,1005.7339417803414,8,222.68621509200446
27.551251230339645,96.48746132453041,8.815971092528425,1006.0890382751563,9,344.63152403155146
33.80001996975597,88.33828119941958,22.148080839457343,1014.3409003392669,9,228.6281272988141
29.235487054236913,64.05545776164631,6.166790545810579,1000.0884900182594,10,15.04240642148348
25.59367716703971,97.03857580922482,24.23560586412036,1003.7627992943732,4,18.20179335677235
29.239032258123096,78.89031630254345,31.49736046804272,1013.5933319945549,1,10.884002633740257
24.253712326076798,77.95628759394783,9.740104943926063,1013.9433430472263,3,18.699914534784995
24.822191784099573,85.90751261261754,16.55539755636663,1003.8460547475116,9,334.8865666887785
29.973884363831676,88.96494982832661,20.913465020086278,1005.5598525355937,4,12.98068315234855
28.70280719207277,81.51097315191213,41.78124098624199,1001.9755754895335,5,22.36463884983879
36.6375344170896,56.1485958255776,44.73020061691856,1016.4487622036442,7,127.73728233052611
27.79830238586613,66.23684028773593,6.796451959824634,997.7288066120564,5,13.454551219542388
31.289413604448697,94.54801473565038,35.44031693981568,1016.4762367290338,4,22.90599409387426
32.11622860671248,60.78154936850489,19.86896265609373,1010.7289283922129,2,13.163573875248415
22.209511305413336,67.86401714420063,20.698327449179203,1007.2261595117948,2,19.49200098133719
32.61659795226737,70.73969038132141,35.17059893388091,995.7511583980435,4,29.003013597401925
24.84857546991602,71.09143950533371,41.73705728581635,1005.9387124119062,10,20.4744910872484
37.37712507951128,79.42109995973723,43.037143780101935,1004.3782064150629,10,17.327774159481812
24.378603644049807,95.26764021174597,28.08490344153283,998.7080326754278,9,422.9035402218536
28.633985979632378,61.553250167960236,19.284846372020112,1010.0974208805151,8,204.09918007423497
23.3655946892583,55.83206606244407,36.50196343435117,1017.3364708694705,3,11.783671672846932
37.949988029535156,59.47858351327699,15.04005533049201,1007.9303426544841,9,225.77081338399603
30.03512016529988,92.57239521004493,27.56296115334071,1011.4393253582108,5,10.29350506881687
31.526160277120702,80.99891900744989,19.343138460994926,996.5743604090184,11,26.786716455665996
23.07322363821484,63.72352588347969,31.265242948315045,1004.6063409037909,3,14.322500006515382
33.99936752638685,89.16545307049363,14.615956515740276,997.6762451587834,5,24.15167857992899
25.358489489529372,91.34575982544493,12.66371782939303,1009.0943042173398,10,17.59420278588133
36.36886863105142,90.63268825713334,41.729563467017485,1016.5850896389255,4,12.785027425662813
25.282234247712115,94.10847361469861,9.072147317981475,1010.2208878468476,8,300.30203029040115
25.051003530618665,62.10756896832136,25.238316309397266,996.7664701112317,12,12.845090833722097
22.58479468556952,86.24201257982136,13.834111318520357,1003.1573227146569,5,11.092611599628375
29.553071121759988,72.10589586915873,6.557198533026698,1007.6652577271395,10,5.071338344453812
31.037458132201863,90.41593053872296,6.440752731657056,1004.2737783910648,12,25.04800317123639
23.051338230853638,84.96755250375743,12.008870884233094,1014.173812240929,8,221.7169310214279
34.40844186712017,87.26947743198679,39.67081418024001,1013.7374331083297,9,237.27242151967562
29.252621355968444,81.49576820869143,16.299149759081068,1009.0721134623741,4,14.82246921534328
30.390244309241282,58.51658093454593,43.01836682301183,1003.5895327380522,7,258.22445716398073
29.05220395101165,76.16129210705304,28.264891719567743,1000.8727365965547,2,23.719550966974186
28.412208974005217,97.2641474971764,22.464567590750644,997.4351093189019,6,435.13365030253664
30.954245300931486,94.99462719186171,28.203553386778182,1003.1626467201908,8,368.08849019001786
24.4838439348914,52.07233931825656,25.66793540905071,1004.5029678957776,12,14.594150092155743
24.910850087924338,57.91111115501298,35.351050150293005,1010.5439272773937,7,191.54373524559398
35.78856993621628,56.32298112581897,16.29984263891409,1010.1376759588442,7,182.96386836675708
37.13784739413812,84.84703567929418,19.122015664012096,996.6124872117489,8,414.0051759153269
27.972949060476047,89.25369583313336,40.76377210133003,1004.0909642549167,7,350.704491255015
26.331914770296862,60.24854558291225,42.85826052601622,999.1809139459994,5,10.80060708186047
32.30399269182425,74.28092926168779,40.70232909945898,998.6066922222865,7,360.50782849435694
28.539746737569544,90.3537453445376,21.777919758292544,1014.0279494439567,10,12.315218526965369
22.406181690565518,85.17447414878004,36.21462012027527,995.964049984474,3,27.345638776721145
24.498441557859046,76.02738586360871,24.05342933204395,1004.6412061457488,5,11.096361988093852
33.455555661558364,78.3366891420211,24.90159408584409,998.8686840826299,7,375.86623785826305
32.54278307056242,74.40130625198144,13.187204362291357,1015.2245949606049,9,176.92593638705105
22.433535880055736,64.28232566330338,28.64521213034066,1007.8119318053258,2,12.176608324050394
25.55155459092719,77.12105565723277,12.445435910133916,1000.3217546366675,4,22.117796503133548
25.697196745409144,83.06649449840435,18.26258796268775,1006.5558276048266,12,13.7254583221746
32.750283897579656,91.91949996131876,39.201208064797406,1011.8241862731717,7,265.5036362811047
22.315368604069825,80.54198499100391,13.28303236843421,1017.036714205147,1,11.57586725862508
23.665737311753183,86.53383377807158,7.8463314069373125,1000.0702580976447,2,21.992058145860046
34.79865736597103,57.68343847781951,7.760303704512652,1015.382180758975,9,136.53042061573308
24.856714592869338,72.15475877214992,42.63138082012431,1016.4889946258522,10,13.74480718536078
32.44393772562999,50.44791775170048,25.276817518473386,1016.0776725242375,7,106.9662447331272
25.810924496747624,61.84058549703791,21.376482872680732,1009.6145302078239,12,13.523738803806738
23.591062284149523,84.87016232542423,37.435143240316734,1009.4858750519983,10,13.154686899489837
25.890755055991264,97.60687766476944,38.43303711642064,1004.273844563228,7,360.67724211831387
33.55627090969055,54.76054878018636,18.287641324624182,1012.3051512929871,6,159.2016548657067
35.69114348970057,69.27172716134183,32.744722298951814,1007.2197624220714,3,12.05779295660368
35.28351783307187,88.40340649755966,35.84491263407546,1010.5810756382508,10,13.351880650845153
28.35493647389528,59.79371046218714,31.18602747463818,1004.8545317885223,3,20.280911689847365
32.689362185130335,76.64407756650974,11.063802992003975,1011.8244186729922,2,11.697883936668445
25.279748726653136,85.1874222094244,40.03532334068228,1013.9628449049046,11,9.737747249165814
26.690363684176212,79.56730161248859,26.563782109440346,998.3680339018648,6,376.5644824156276
36.34137309633792,59.025187261539976,16.298897054800147,1014.1573834582073,4,9.270739582564069
22.208030776171775,67.05845929691549,22.009127417507756,1007.4268202311771,5,8.138855200829868
23.36813649367149,87.62200565529906,6.502843615956295,1014.4273159090751,3,11.671099999783571
25.326180082336435,76.6028726783368,10.114672048896702,1004.9199392458434,6,297.6352597974949
22.424515261981114,50.25102145005981,35.62187002063443,1003.7179311638098,11,12.748683365181327
24.902966961436757,86.52755648134851,5.000465390214646,1016.0463968478961,12,15.644212793468053
31.328664975515075,51.694945037131475,21.662633139291685,1000.7768931536132,3,16.288414669587546
28.742792809479965,85.79522157109915,25.900407243423537,1014.4168834815813,8,231.4890305794007
36.2827473772316,59.7190668879314,7.185376800038892,1006.1324731677163,9,239.26411724574288
35.079096987815056,95.98752704573025,43.92312651889331,1006.824195178679,4,27.94392362200975
27.469077627166016,67.66115606250005,14.045013249986877,1002.0947704742581,9,301.65227192663184
26.15077493490068,65.6927175842278,17.167948785451234,1008.1799706142374,12,9.555040539108392
28.075078530676272,57.14662641595734,17.157700490201094,1002.4798575143528,7,273.2085634378607
31.444719080236922,64.66900234353031,14.216666484693995,995.903196527558,3,27.425532145755163
26.28901825316602,92.07923656775363,5.058952883452457,1001.2559679229201,7,374.24018267612246
31.986382525586144,97.82404820610788,34.17379176351986,995.1467179983516,1,25.378863672894713
28.55058643505985,67.67885746432873,43.67381999197141,1017.5021601023077,3,5.073411407478624
30.832754893631684,71.53331028581805,13.971739331401803,1017.2121858258542,6,156.77957269378135
28.978024466165067,84.65940503373137,31.5218876721369,1004.088571841863,4,18.94245131777626
26.71145215267068,92.53739746232358,34.6758530783486,1011.7525296498119,7,278.9300578096198
37.17525291139451,78.46612804096564,38.93701516362099,1002.9535402634398,3,18.040432364116725
34.21769270655617,68.7932335125358,21.905167880544365,1010.4351426129774,1,19.419752289070427
24.24181081226324,69.80584836073393,17.11723622561717,1013.5248909900575,9,188.36951833435742
35.8954876143666,83.38967103184673,18.011805360921244,1016.7753936279215,6,198.48185517152103
29.79889917199222,50.154476653005375,33.50485332394051,1004.2048823445425,8,233.92458515140228
36.312835630305464,79.74028819807235,37.67117866022544,1013.0158536079891,3,21.39836094031532
34.797684095157045,67.06366450118516,12.264558710264106,1001.1163543645388,8,305.1714654615891
28.803416071507733,88.12147190130004,19.83764032631061,1017.7776429872539,2,5.413561123056544
22.35950893312188,54.463550711510344,41.077607869966,995.5927007715801,12,28.31665907418553
26.298837750159137,78.23370881352275,37.26774078778957,1008.8811625495258,4,11.322370413016387
30.666147434573872,73.08669871453394,44.39433611049903,1010.1686375779806,3,10.043672457157777
32.135651517218356,80.83162524345092,35.16993038728323,1010.825047812705,10,9.859413423829906
26.12620296693124,53.11297253518248,20.72780804111689,997.768914312149,1,23.378956801008396
24.229697185165186,77.8392217965503,28.62551335978551,1016.586185019882,7,174.02759025545416
35.35888378878879,76.95126022205713,31.440570169892812,999.167215418152,11,20.724124446026273
37.75043489125683,76.9116845319762,8.138232652684959,1009.3233282745164,10,13.183763451503683
30.411042916842973,78.96740799662983,26.779878364154605,1000.121549819831,2,25.544433305084354
24.746868573572854,82.47046098686539,33.37283313890438,1002.0659775914893,4,16.93727389134667
26.356917224309903,88.63947198467694,11.692852160042415,1007.5685464597468,9,307.2971466253203
22.294250824759466,62.95139456615429,36.22526869702229,1004.5954486269852,6,258.6556133350009
36.62878090496798,89.60237168864298,28.350911220564466,998.6851888224596,8,412.5618632857603
23.884017326242258,73.91627274864578,43.08887142790378,998.9315372556795,2,19.0697196631071
31.224263608228057,53.698797398447894,6.696891928275668,1004.6173301277444,7,238.41848379876512
26.384883530995296,52.810444603711005,15.613045502218679,1012.4175085003366,6,162.2591774311096
30.866848040252695,66.04343929741091,29.062155171992963,1015.6531868774991,9,154.12980394748357
32.42272621362983,87.67505490135045,16.862396488237227,996.9349362319658,7,422.5102350028332
35.275868859315224,83.96868486756395,33.57696656284969,1004.0413898738663,1,16.75279978380068
25.30274034816965,87.85351830427551,35.36021130087724,997.3056479656261,8,414.1390385320035
22.175933258535686,74.82891470919725,9.100638562658979,995.3816270545498,11,19.68024191994521
24.190170081100916,71.12955190186355,25.554178568270707,1010.219529700811,10,6.268828258087899
36.40029826956968,57.07772128190163,25.355622223642236,1008.8563371652315,3,13.691604858668454
35.982241241000246,65.75325217324695,19.77123080862164,998.7494396177424,2,22.27037358199175
31.55860963472493,70.832929576346,42.31699450278688,1000.3776951611404,12,12.327222923899916
31.608269766938456,54.25282062462163,38.10025279492885,995.545278333824,3,17.617992705101535
32.64058679274009,60.58937373013814,32.888375276385474,1014.2037857309713,11,14.975823165923872
24.805940457975193,78.71481411505945,33.573065429399904,1017.4178837091167,6,177.01429533042395
36.63059113479936,85.31182948348112,23.468645752524765,998.1155693462779,3,20.60447610067
28.70032839827317,97.92068054686158,41.83978084386303,1000.3239299166019,10,20.285322429364463
28.13021645199196,94.78943990449076,32.783817090131414,1014.9734190507795,5,23.723480579924697
30.3026832845254,80.8431295776892,34.159242466232655,1016.3086673529923,6,184.3850952620963
22.75145546840088,70.21990655811545,39.46763615149381,1004.6514298045566,8,283.9797325428355
24.66053390009727,80.53651350599517,15.96286357368764,996.1643168621887,7,394.95342639533555
33.80853786282193,87.71127766785114,37.28283615466812,995.9060121749349,11,30.864270346116676
23.324778686802023,55.68013716432259,12.80962411825968,1008.2008469195872,8,206.2598733433959
31.65043375146221,69.67543470542184,18.813678089795513,1004.0365875045431,3,17.41698747398878
25.925585754901135,90.31050971050962,18.424418170793707,995.6590058342861,4,38.69873960124795
28.228729824671625,68.42398169278611,44.14101873556562,1008.4148050231888,6,236.76433261763657
26.619099788331198,77.44986901890496,39.26148894991707,995.2599583415475,11,31.778883608388945
27.690763463439186,78.21292932138552,33.04679446361039,1013.1095550374333,7,215.8922146347886
33.504734482947924,58.85486015041469,34.082270464615604,1002.0479549221775,9,278.6225194503729
26.753947449970802,67.38730119930985,27.482911776102842,995.9259340692123,1,34.21728403346519
31.062474244750355,66.05654185961274,42.88362668434076,1008.5321010826125,8,231.06580395317624
29.616806435185595,51.25744200953911,24.85035011529446,1004.1467415319603,8,229.60819451965023
32.61873864580237,51.16120466678505,20.220708394795782,1017.3974095072144,6,98.48816718187818
36.98927582919613,89.92145809643714,11.52141347726364,1007.5165692375851,4,16.813807627043836
33.721153555364005,63.107398878694994,36.44822609044232,1001.3305011638512,3,18.934362330949792
25.43904605745211,74.86778077946315,34.377757283023655,1011.3170938865815,11,12.320599626126382
22.498930160980557,64.3388275322611,20.374201540965394,1001.2443160584824,3,28.42534585109619
26.196224708797203,95.15260376553634,6.007736558369174,1015.797595702374,6,239.83621486275447
31.52124689120408,62.44624442555714,38.55989310872043,1003.6186053216696,8,267.97930537539975
22.822813015748004,70.62352701146888,5.456719338162945,1007.6469769438527,7,254.57535173177902
29.941859955219783,91.8910520232609,33.14799118516204,996.1631813879573,11,20.8065103701122
31.54948558267023,90.41281120600681,43.81028438904228,1004.8007884729013,1,18.147007496705523
27.347902253071375,58.93286805662131,22.50645312592814,1014.1443614122029,11,4.190438488903559
34.33459525993315,88.5268788701941,14.398936199838111,1013.5299225233568,6,252.8466669573267
23.705572050140347,71.99297056341885,33.19484040173527,1000.1593268536311,7,332.950462538555
23.20220450777294,73.18250586009705,37.68512568062341,1000.1998186332429,12,22.827131517640478
33.65102009925765,56.4070386759653,26.857212643113893,1013.7980221809045,7,147.9430782838228
29.927861059299175,53.868872660341985,43.681411010245846,1016.3991636638945,9,109.34955911520183
33.014438342843775,84.94108673474074,7.066748866318444,997.193301189279,11,24.06283967848862
28.95723741765994,73.83013531305438,25.191823932181126,1005.3513487068032,11,18.405471611435345
25.94243253182571,70.96883372552861,33.738157892902,1002.7614484161772,10,20.2912770101508
35.1056370827872,85.01639497531505,39.505618845967156,1015.0258344755212,5,0.0
34.790654063503666,86.74461915157326,12.170224476311603,996.9210730376404,1,17.352266673322006
33.11514353367083,57.627592048128975,37.00013927054726,999.8558966788348,2,21.894650315509168
26.3543221956794,79.29080717492678,27.10828302874181,1012.3067717644893,4,8.484431276250728
31.443690669905394,56.496995949328905,20.862147279598528,996.179758526568,5,20.146384487502395
27.775582351040427,86.0660041293942,10.268601143163743,1006.3283137564287,9,304.74739364365894
23.465313173226146,81.5338475008227,39.6118303563565,1005.1684617976335,11,21.40234403234371
36.677017207395885,95.91750181200598,11.290928327188613,1002.6912271167412,1,26.188411999854125
24.189098094703382,53.30998478510821,17.39151436836397,1004.0751632523353,3,17.544049145077967
37.20379766113284,52.73862661526021,16.601821278497475,1007.1886334993953,5,17.087784220572416
29.136092367327294,63.54497958527361,39.85656136763417,998.7114492429328,3,26.559827912381785
